created_at,entry_id,field1,field2,field3,field4
2023-05-07T16:54:40+00:00,1,7.48,2019.35,231,26.69
2023-05-07T16:55:02+00:00,2,7.48,2040.24,230,26.69
2023-05-07T16:55:24+00:00,3,7.48,2019.35,246,26.69
2023-05-07T16:55:46+00:00,4,7.48,1955.33,242,26.69
2023-05-07T16:56:08+00:00,5,7.48,1933.54,242,26.69
2023-05-07T16:56:30+00:00,6,7.49,1911.52,231,26.69
2023-05-07T16:56:52+00:00,7,7.47,1911.52,219,26.75
2023-05-07T16:57:14+00:00,8,7.49,1911.52,193,27
2023-05-07T16:57:36+00:00,9,7.49,1911.52,191,27
2023-05-07T16:57:58+00:00,10,7.53,1933.54,190,27
2023-05-07T16:58:20+00:00,11,7.53,1955.33,190,27
2023-05-07T16:58:42+00:00,12,7.52,1933.54,189,27.06
2023-05-07T16:59:04+00:00,13,7.52,1933.54,188,27.06
2023-05-07T16:59:26+00:00,14,7.55,1911.52,188,27.06
2023-05-07T16:59:48+00:00,15,7.54,1911.52,188,27.06
2023-05-07T17:00:10+00:00,16,7.54,1889.29,190,27
2023-05-07T17:00:32+00:00,17,7.56,1866.82,189,27
2023-05-07T17:00:54+00:00,18,7.55,1866.82,189,27
2023-05-07T17:01:16+00:00,19,7.54,1844.14,190,27
2023-05-07T17:01:38+00:00,20,7.54,1844.14,189,26.94
2023-05-07T17:02:00+00:00,21,7.55,1821.23,190,26.94
2023-05-07T17:02:22+00:00,22,7.54,1821.23,189,26.94
2023-05-07T17:02:44+00:00,23,7.55,1798.1,189,26.94
2023-05-07T17:03:06+00:00,24,7.54,1774.74,189,26.94
2023-05-07T17:03:28+00:00,25,7.55,1751.16,189,26.94
2023-05-07T17:03:50+00:00,26,7.54,1703.32,189,26.94
2023-05-07T17:04:12+00:00,27,7.55,1654.59,189,26.94
2023-05-07T17:04:34+00:00,28,7.55,1629.88,190,26.94
2023-05-07T17:04:56+00:00,29,7.54,1579.81,189,26.87
2023-05-07T17:05:18+00:00,30,7.55,1528.83,190,26.94
2023-05-07T17:05:40+00:00,31,7.53,1503.01,188,26.87
2023-05-07T17:06:02+00:00,32,7.56,1476.97,190,26.94
2023-05-07T17:06:24+00:00,33,7.54,1476.97,189,26.87
2023-05-07T17:06:46+00:00,34,7.55,1450.69,189,26.94
2023-05-07T17:07:07+00:00,35,7.55,1450.69,189,26.94
2023-05-07T17:07:30+00:00,36,7.55,1450.69,190,26.94
2023-05-07T17:07:51+00:00,37,7.54,1450.69,189,26.94
2023-05-07T17:08:16+00:00,38,7.54,1450.69,189,26.94
2023-05-07T17:08:36+00:00,39,7.55,1424.2,189,26.94
2023-05-07T17:08:57+00:00,40,7.54,1424.2,190,26.94
2023-05-07T17:09:19+00:00,41,7.54,1424.2,190,26.94
2023-05-07T17:09:41+00:00,42,7.54,1424.2,189,26.87
2023-05-07T17:10:03+00:00,43,7.54,1397.48,189,26.94
2023-05-07T17:10:25+00:00,44,7.53,1397.48,190,26.94
2023-05-07T17:10:47+00:00,45,7.54,1397.48,189,26.87
2023-05-07T17:11:09+00:00,46,7.53,1397.48,189,26.94
2023-05-07T17:11:31+00:00,47,7.54,1397.48,189,26.87
2023-05-07T17:11:53+00:00,48,7.54,1397.48,189,26.94
2023-05-07T17:12:15+00:00,49,7.53,1397.48,188,26.87
2023-05-07T17:12:37+00:00,50,7.54,1397.48,189,26.87
2023-05-07T17:12:59+00:00,51,7.53,1370.54,188,26.87
2023-05-07T17:13:21+00:00,52,7.53,1370.54,188,26.87
2023-05-07T17:13:43+00:00,53,7.53,1370.54,189,26.87
2023-05-07T17:14:05+00:00,54,7.54,1370.54,188,26.87
2023-05-07T17:14:27+00:00,55,7.52,1343.37,189,26.87
2023-05-07T17:14:49+00:00,56,7.53,1343.37,190,26.87
2023-05-07T17:15:11+00:00,57,7.56,1343.37,189,26.87
2023-05-07T17:15:33+00:00,58,7.55,1343.37,189,26.87
2023-05-07T17:15:55+00:00,59,7.51,1315.98,189,26.81
2023-05-07T17:16:17+00:00,60,7.54,1288.36,190,26.87
2023-05-07T17:16:39+00:00,61,7.53,1288.36,189,26.87
2023-05-07T17:17:01+00:00,62,7.52,999.89,188,26.87
2023-05-07T17:17:23+00:00,63,7.53,-819.91,188,26.87
2023-05-07T17:17:45+00:00,64,7.52,-778.63,189,26.87
2023-05-07T17:18:07+00:00,65,7.51,-1158.25,190,26.87
2023-05-07T17:18:29+00:00,66,7.55,-1332.8,189,26.87
2023-05-07T17:18:51+00:00,67,7.54,-1158.25,188,26.87
2023-05-07T17:19:13+00:00,68,7.53,-1158.25,189,26.87
2023-05-07T17:19:35+00:00,69,7.54,-819.91,190,26.94
2023-05-07T17:19:57+00:00,70,7.54,-1201.55,189,26.87
2023-05-07T17:20:19+00:00,71,7.53,-456.42,189,26.81
2023-05-07T17:20:41+00:00,72,7.53,558.37,189,26.87
2023-05-07T17:21:03+00:00,73,7.53,-36.8,190,26.81
2023-05-07T17:21:25+00:00,74,7.53,1315.98,190,26.75
2023-05-07T17:21:47+00:00,75,7.53,1232.46,188,26.81
2023-05-07T17:22:09+00:00,76,7.53,1343.37,188,26.81
2023-05-07T17:22:31+00:00,77,7.53,1370.54,190,26.75
2023-05-07T17:22:53+00:00,78,7.51,1370.54,189,26.81
2023-05-07T17:23:15+00:00,79,7.54,1315.98,190,26.81
2023-05-07T17:23:37+00:00,80,7.54,1288.36,189,26.87
2023-05-07T17:23:59+00:00,81,7.53,1232.46,188,26.81
2023-05-07T17:24:21+00:00,82,7.54,1654.59,188,26.87
2023-05-07T17:24:43+00:00,83,7.52,1629.88,188,26.81
2023-05-07T17:25:05+00:00,84,7.54,-73.83,190,26.75
2023-05-07T17:25:27+00:00,85,7.52,-148.55,188,26.81
2023-05-07T17:25:49+00:00,86,7.49,-224.17,189,26.81
2023-05-07T17:26:11+00:00,87,7.53,72.94,190,26.87
2023-05-07T17:26:33+00:00,88,7.53,-111.08,190,26.81
2023-05-07T17:26:55+00:00,89,7.53,-73.83,190,26.81
2023-05-07T17:27:17+00:00,90,7.51,144.97,189,26.81
2023-05-07T17:27:39+00:00,91,7.53,144.97,189,26.81
2023-05-07T17:28:01+00:00,92,7.52,144.97,189,26.81
2023-05-07T17:28:23+00:00,93,7.53,-148.55,189,26.81
2023-05-07T17:28:45+00:00,94,7.55,-262.32,188,26.75
2023-05-07T17:29:07+00:00,95,7.51,0,189,26.81
2023-05-07T17:29:29+00:00,96,7.53,-111.08,190,26.75
2023-05-07T17:29:51+00:00,97,7.52,-262.32,189,26.81
2023-05-07T17:30:13+00:00,98,7.51,-300.69,190,26.75
2023-05-07T17:30:35+00:00,99,7.51,-378.11,190,26.81
2023-05-07T17:30:57+00:00,100,7.5,-148.55,190,26.75
2023-05-07T17:31:19+00:00,101,7.53,-186.25,188,26.75
2023-05-07T17:31:41+00:00,102,7.52,0,189,26.81
2023-05-07T17:32:03+00:00,103,7.52,-36.8,188,26.81
2023-05-07T17:32:25+00:00,104,7.52,-36.8,189,26.81
2023-05-07T17:32:47+00:00,105,7.52,-224.17,190,26.75
2023-05-07T17:33:09+00:00,106,7.53,-73.83,190,26.75
2023-05-07T17:33:31+00:00,107,7.52,-148.55,190,26.75
2023-05-07T17:33:53+00:00,108,7.53,-417.15,189,26.81
2023-05-07T17:34:15+00:00,109,7.52,-148.55,190,26.75
2023-05-07T17:34:37+00:00,110,7.52,-186.25,191,26.75
2023-05-07T17:34:59+00:00,111,7.53,-111.08,190,26.75
2023-05-07T17:35:21+00:00,112,7.52,-111.08,189,26.81
2023-05-07T17:35:43+00:00,113,7.52,-300.69,191,26.75
2023-05-07T17:36:05+00:00,114,7.52,-148.55,190,26.75
2023-05-07T17:36:27+00:00,115,7.52,-36.8,189,26.81
2023-05-07T17:36:49+00:00,116,7.52,969.81,190,26.75
2023-05-07T17:37:11+00:00,117,7.53,1703.32,191,26.75
2023-05-07T17:37:33+00:00,118,7.53,1798.1,190,26.81
2023-05-07T17:37:55+00:00,119,7.54,1844.14,190,26.75
2023-05-07T17:38:17+00:00,120,7.52,1866.82,189,26.81
2023-05-07T17:38:39+00:00,121,7.52,1889.29,188,26.81
2023-05-07T17:39:01+00:00,122,7.53,1889.29,190,26.75
2023-05-07T17:39:23+00:00,123,7.53,1774.74,191,26.75
2023-05-07T17:39:45+00:00,124,7.53,1703.32,190,26.75
2023-05-07T17:40:07+00:00,125,7.52,1727.35,190,26.69
2023-05-07T17:40:29+00:00,126,7.52,1727.35,189,26.81
2023-05-07T17:40:51+00:00,127,7.52,1679.07,188,26.75
2023-05-07T17:41:13+00:00,128,7.52,1554.43,188,26.75
2023-05-07T17:41:35+00:00,129,7.52,1727.35,191,26.75
2023-05-07T17:41:57+00:00,130,7.52,1727.35,190,26.75
2023-05-07T17:42:19+00:00,131,7.52,1727.35,188,26.75
2023-05-07T17:42:41+00:00,132,7.53,1629.88,188,26.75
2023-05-07T17:43:03+00:00,133,7.52,1503.01,188,26.75
2023-05-07T17:43:25+00:00,134,7.52,1554.43,191,26.69
2023-05-07T17:43:47+00:00,135,7.53,1528.83,190,26.75
2023-05-07T17:44:09+00:00,136,7.52,1288.36,190,26.75
2023-05-07T17:44:31+00:00,137,7.53,1315.98,190,26.69
2023-05-07T17:44:53+00:00,138,7.53,1288.36,188,26.75
2023-05-07T17:45:15+00:00,139,7.52,878.22,188,26.75
2023-05-07T17:45:37+00:00,140,7.52,591.36,188,26.75
2023-05-07T17:45:59+00:00,141,7.52,-1115.17,190,26.75
2023-05-07T17:46:21+00:00,142,7.53,-1029.69,190,26.69
2023-05-07T17:46:43+00:00,143,7.52,-1029.69,188,26.75
2023-05-07T17:47:05+00:00,144,7.51,-945.11,190,26.75
2023-05-07T17:47:27+00:00,145,7.53,-737.56,188,26.75
2023-05-07T17:47:49+00:00,146,7.53,-300.69,190,26.75
2023-05-07T17:48:11+00:00,147,7.52,-456.42,190,26.69
2023-05-07T17:48:33+00:00,148,7.51,-339.29,190,26.75
2023-05-07T17:48:55+00:00,149,7.5,-417.15,190,26.75
2023-05-07T17:49:17+00:00,150,7.46,-456.42,189,26.69
2023-05-07T17:49:39+00:00,151,7.53,-456.42,189,26.69
2023-05-07T17:50:01+00:00,152,7.52,-262.32,188,26.75
2023-05-07T17:50:23+00:00,153,7.53,-224.17,190,26.69
2023-05-07T17:50:45+00:00,154,7.53,-417.15,190,26.62
2023-05-07T17:51:07+00:00,155,7.52,-378.11,189,26.62
2023-05-07T17:51:29+00:00,156,7.52,-148.55,189,26.69
2023-05-07T17:51:51+00:00,157,7.52,-378.11,190,26.69
2023-05-07T17:52:13+00:00,158,7.51,-339.29,188,26.75
2023-05-07T17:52:35+00:00,159,7.5,-262.32,190,26.69
2023-05-07T17:52:57+00:00,160,7.51,-378.11,190,26.69
2023-05-07T17:53:19+00:00,161,7.52,-300.69,190,26.75
2023-05-07T17:53:41+00:00,162,7.52,-262.32,188,26.75
2023-05-07T17:54:03+00:00,163,7.5,-339.29,188,26.75
2023-05-07T17:54:25+00:00,164,7.5,-417.15,190,26.75
2023-05-07T17:54:47+00:00,165,7.51,-575.56,189,26.69
2023-05-07T17:55:09+00:00,166,7.5,-495.91,190,26.75
2023-05-07T17:55:31+00:00,167,7.51,-656.12,190,26.69
2023-05-07T17:55:53+00:00,168,7.52,-737.56,190,26.75
2023-05-07T17:56:15+00:00,169,7.51,-778.63,190,26.69
2023-05-07T17:56:37+00:00,170,7.53,-535.63,190,26.69
2023-05-07T17:56:59+00:00,171,7.5,-861.42,190,26.75
2023-05-07T17:57:21+00:00,172,7.52,-656.12,191,26.75
2023-05-07T17:57:43+00:00,173,7.51,-778.63,190,26.75
2023-05-07T17:58:05+00:00,174,7.5,-696.73,190,26.69
2023-05-07T17:58:27+00:00,175,7.51,-737.56,189,26.69
2023-05-07T17:58:49+00:00,176,7.51,-696.73,191,26.69
2023-05-07T17:59:11+00:00,177,7.52,-535.63,190,26.69
2023-05-07T17:59:33+00:00,178,7.51,-696.73,190,26.69
2023-05-07T17:59:55+00:00,179,7.51,-903.15,190,26.69
2023-05-07T18:00:17+00:00,180,7.52,-819.91,190,26.69
2023-05-07T18:00:39+00:00,181,7.51,-819.91,188,26.75
2023-05-07T18:01:01+00:00,182,7.51,-737.56,190,26.69
2023-05-07T18:01:23+00:00,183,7.53,-778.63,190,26.69
2023-05-07T18:01:45+00:00,184,7.51,-778.63,190,26.75
2023-05-07T18:02:07+00:00,185,7.52,-861.42,188,26.75
2023-05-07T18:02:29+00:00,186,7.5,-615.73,190,26.75
2023-05-07T18:02:51+00:00,187,7.5,-696.73,190,26.75
2023-05-07T18:03:13+00:00,188,7.52,-575.56,191,26.69
2023-05-07T18:03:35+00:00,189,7.52,-737.56,190,26.69
2023-05-07T18:03:57+00:00,190,7.51,-495.91,190,26.69
2023-05-07T18:04:19+00:00,191,7.52,-819.91,190,26.69
2023-05-07T18:04:41+00:00,192,7.52,-819.91,191,26.69
2023-05-07T18:05:03+00:00,193,7.53,-696.73,190,26.75
2023-05-07T18:05:25+00:00,194,7.52,-737.56,188,26.75
2023-05-07T18:05:47+00:00,195,7.51,-495.91,191,26.75
2023-05-07T18:06:09+00:00,196,7.51,-656.12,188,26.75
2023-05-07T18:06:31+00:00,197,7.52,-656.12,191,26.75
2023-05-07T18:06:53+00:00,198,7.51,-696.73,190,26.75
2023-05-07T18:07:15+00:00,199,7.52,-778.63,190,26.75
2023-05-07T18:07:37+00:00,200,7.52,-696.73,190,26.81
2023-05-07T18:07:59+00:00,201,7.52,-696.73,191,26.75
2023-05-07T18:08:21+00:00,202,7.52,-615.73,188,26.75
2023-05-07T18:08:43+00:00,203,7.52,-819.91,190,26.75
2023-05-07T18:09:05+00:00,204,7.52,-861.42,190,26.69
2023-05-07T18:09:27+00:00,205,7.51,-737.56,190,26.75
2023-05-07T18:09:49+00:00,206,7.52,-737.56,190,26.75
2023-05-07T18:10:10+00:00,207,7.49,-575.56,190,26.75
2023-05-07T18:10:33+00:00,208,7.51,-656.12,190,26.75
2023-05-07T18:10:54+00:00,209,7.52,1370.54,188,26.81
2023-05-07T18:11:16+00:00,210,7.49,1476.97,191,26.75
2023-05-07T18:11:38+00:00,211,7.54,1554.43,189,26.69
2023-05-07T18:12:00+00:00,212,7.52,1604.96,188,26.75
2023-05-07T18:12:22+00:00,213,7.51,1955.33,188,26.75
2023-05-07T18:12:44+00:00,214,7.52,1976.89,190,26.75
2023-05-07T18:13:06+00:00,215,7.53,1976.89,190,26.75
2023-05-07T18:13:28+00:00,216,7.51,1976.89,188,26.75
2023-05-07T18:13:50+00:00,217,7.51,1976.89,191,26.69
2023-05-07T18:14:12+00:00,218,7.52,1976.89,191,26.75
2023-05-07T18:14:34+00:00,219,7.52,1976.89,191,26.75
2023-05-07T18:14:56+00:00,220,7.5,1998.23,190,26.75
2023-05-07T18:15:18+00:00,221,7.51,1998.23,191,26.75
2023-05-07T18:15:40+00:00,222,7.51,1998.23,190,26.75
2023-05-07T18:16:02+00:00,223,7.51,1976.89,189,26.81
2023-05-07T18:16:24+00:00,224,7.51,1976.89,189,26.81
2023-05-07T18:16:46+00:00,225,7.5,1976.89,188,26.75
2023-05-07T18:17:08+00:00,226,7.54,1976.89,190,26.75
2023-05-07T18:17:30+00:00,227,7.51,1976.89,189,26.81
2023-05-07T18:17:52+00:00,228,7.52,1976.89,190,26.75
2023-05-07T18:18:14+00:00,229,7.51,1976.89,189,26.69
2023-05-07T18:18:36+00:00,230,7.49,1976.89,188,26.75
2023-05-07T18:18:58+00:00,231,7.51,1844.14,191,26.69
2023-05-07T18:19:20+00:00,232,7.51,1955.33,190,26.75
2023-05-07T18:19:42+00:00,233,7.52,1955.33,190,26.75
2023-05-07T18:20:04+00:00,234,7.5,1955.33,188,26.75
2023-05-07T18:20:26+00:00,235,7.52,1933.54,191,26.75
2023-05-07T18:20:48+00:00,236,7.53,1955.33,189,26.69
2023-05-07T18:21:10+00:00,237,7.51,1955.33,191,26.75
2023-05-07T18:21:32+00:00,238,7.51,1955.33,191,26.75
2023-05-07T18:21:54+00:00,239,7.52,1911.52,190,26.75
2023-05-07T18:22:16+00:00,240,7.52,1654.59,190,26.75
2023-05-07T18:22:38+00:00,241,7.49,1774.74,191,26.75
2023-05-07T18:23:00+00:00,242,7.52,1821.23,191,26.75
2023-05-07T18:23:22+00:00,243,7.51,1821.23,191,26.75
2023-05-07T18:23:44+00:00,244,7.52,1798.1,191,26.75
2023-05-07T18:24:06+00:00,245,7.52,1629.88,191,26.75
2023-05-07T18:24:28+00:00,246,7.51,1629.88,190,26.75
2023-05-07T18:24:50+00:00,247,7.53,1424.2,190,26.75
2023-05-07T18:25:12+00:00,248,7.54,-1201.55,191,26.75
2023-05-07T18:25:34+00:00,249,7.51,-987.29,190,26.75
2023-05-07T18:25:56+00:00,250,7.51,-987.29,190,26.81
2023-05-07T18:26:18+00:00,251,7.52,-987.29,190,26.81
2023-05-07T18:26:40+00:00,252,7.53,-987.29,191,26.75
2023-05-07T18:27:02+00:00,253,7.52,-987.29,189,26.81
2023-05-07T18:27:24+00:00,254,7.51,-987.29,190,26.69
2023-05-07T18:27:46+00:00,255,7.5,-987.29,190,26.75
2023-05-07T18:28:08+00:00,256,7.51,-945.11,188,26.81
2023-05-07T18:28:30+00:00,257,7.52,-987.29,191,26.75
2023-05-07T18:28:52+00:00,258,7.5,-987.29,191,26.75
2023-05-07T18:29:14+00:00,259,7.51,-945.11,188,26.81
2023-05-07T18:29:36+00:00,260,7.52,-945.11,188,26.75
2023-05-07T18:29:58+00:00,261,7.52,-945.11,190,26.75
2023-05-07T18:30:20+00:00,262,7.51,-945.11,190,26.75
2023-05-07T18:30:42+00:00,263,7.5,-945.11,190,26.81
2023-05-07T18:31:04+00:00,264,7.53,-945.11,191,26.75
2023-05-07T18:31:26+00:00,265,7.52,-945.11,190,26.75
2023-05-07T18:31:48+00:00,266,7.51,-945.11,190,26.75
2023-05-07T18:32:10+00:00,267,7.5,-1072.32,191,26.75
2023-05-07T18:32:32+00:00,268,7.52,-1510.93,190,26.75
2023-05-07T18:32:54+00:00,269,7.49,-1510.93,189,26.81
2023-05-07T18:33:16+00:00,270,7.51,-1510.93,190,26.75
2023-05-07T18:33:38+00:00,271,7.52,-1466.06,190,26.75
2023-05-07T18:34:00+00:00,272,7.52,-1421.42,188,26.75
2023-05-07T18:34:22+00:00,273,7.49,1503.01,190,26.69
2023-05-07T18:34:44+00:00,274,7.51,1554.43,190,26.75
2023-05-07T18:35:06+00:00,275,7.5,1727.35,191,26.75
2023-05-07T18:35:28+00:00,276,7.52,1703.32,190,26.75
2023-05-07T18:35:50+00:00,277,7.52,1751.16,190,26.75
2023-05-07T18:36:12+00:00,278,7.53,1727.35,190,26.75
2023-05-07T18:36:34+00:00,279,7.49,1703.32,189,26.81
2023-05-07T18:36:56+00:00,280,7.52,1604.96,188,26.75
2023-05-07T18:37:18+00:00,281,7.52,1528.83,190,26.69
2023-05-07T18:37:40+00:00,282,7.52,689,190,26.75
2023-05-07T18:38:02+00:00,283,7.52,1232.46,190,26.75
2023-05-07T18:38:24+00:00,284,7.52,1059.37,191,26.75
2023-05-07T18:38:46+00:00,285,7.51,-417.15,190,26.75
2023-05-07T18:39:08+00:00,286,7.5,-262.32,189,26.81
2023-05-07T18:39:30+00:00,287,7.52,-1158.25,190,26.75
2023-05-07T18:39:52+00:00,288,7.5,-1421.42,191,26.69
2023-05-07T18:40:14+00:00,289,7.54,-1466.06,191,26.75
2023-05-07T18:40:36+00:00,290,7.51,-1421.42,190,26.75
2023-05-07T18:40:58+00:00,291,7.51,-1421.42,190,26.75
2023-05-07T18:41:20+00:00,292,7.51,-1421.42,191,26.75
2023-05-07T18:41:42+00:00,293,7.52,-1288.82,190,26.75
2023-05-07T18:42:04+00:00,294,7.5,-1245.08,190,26.75
2023-05-07T18:42:26+00:00,295,7.51,-1377,191,26.75
2023-05-07T18:42:48+00:00,296,7.51,-1377,191,26.75
2023-05-07T18:43:10+00:00,297,7.5,-1377,189,26.81
2023-05-07T18:43:32+00:00,298,7.51,-1377,190,26.75
2023-05-07T18:43:54+00:00,299,7.49,-1421.42,190,26.75
2023-05-07T18:44:16+00:00,300,7.5,-1466.06,190,26.75
2023-05-07T18:44:38+00:00,301,7.51,-1421.42,190,26.75
2023-05-07T18:45:00+00:00,302,7.49,-1466.06,190,26.75
2023-05-07T18:45:22+00:00,303,7.49,-1466.06,190,26.75
2023-05-07T18:45:44+00:00,304,7.53,-1466.06,190,26.81
2023-05-07T18:46:06+00:00,305,7.5,-1466.06,190,26.75
2023-05-07T18:46:28+00:00,306,7.51,-1510.93,190,26.81
2023-05-07T18:46:50+00:00,307,7.51,-1466.06,189,26.81
2023-05-07T18:47:12+00:00,308,7.52,-1421.42,190,26.75
2023-05-07T18:47:34+00:00,309,7.5,-1377,191,26.75
2023-05-07T18:47:56+00:00,310,7.49,-1377,190,26.75
2023-05-07T18:48:18+00:00,311,7.5,-1377,191,26.69
2023-05-07T18:48:40+00:00,312,7.51,-1332.8,190,26.75
2023-05-07T18:49:02+00:00,313,7.52,-1377,190,26.75
2023-05-07T18:49:24+00:00,314,7.51,-1377,190,26.81
2023-05-07T18:49:46+00:00,315,7.51,-1377,191,26.75
2023-05-07T18:50:08+00:00,316,7.51,-1377,190,26.75
2023-05-07T18:50:30+00:00,317,7.52,-1377,190,26.75
2023-05-07T18:50:52+00:00,318,7.49,-1332.8,191,26.75
2023-05-07T18:51:14+00:00,319,7.51,-1332.8,191,26.75
2023-05-07T18:51:36+00:00,320,7.5,-1332.8,190,26.75
2023-05-07T18:51:58+00:00,321,7.5,-1332.8,190,26.75
2023-05-07T18:52:20+00:00,322,7.51,-1332.8,191,26.75
2023-05-07T18:52:42+00:00,323,7.52,-1332.8,190,26.75
2023-05-07T18:53:04+00:00,324,7.5,-1288.82,190,26.75
2023-05-07T18:53:26+00:00,325,7.5,-1288.82,189,26.81
2023-05-07T18:53:48+00:00,326,7.48,-1288.82,190,26.81
2023-05-07T18:54:10+00:00,327,7.52,-1288.82,190,26.75
2023-05-07T18:54:32+00:00,328,7.51,-1288.82,190,26.81
2023-05-07T18:54:54+00:00,329,7.51,-1288.82,190,26.75
2023-05-07T18:55:16+00:00,330,7.52,-1245.08,190,26.81
2023-05-07T18:55:38+00:00,331,7.49,-1288.82,190,26.81
2023-05-07T18:56:00+00:00,332,7.49,-1288.82,191,26.75
2023-05-07T18:56:22+00:00,333,7.5,-1288.82,190,26.75
2023-05-07T18:56:44+00:00,334,7.48,-1288.82,190,26.75
2023-05-07T18:57:06+00:00,335,7.48,-1288.82,190,26.75
2023-05-07T18:57:28+00:00,336,7.5,-1245.08,191,26.75
2023-05-07T18:57:50+00:00,337,7.5,-1245.08,190,26.75
2023-05-07T18:58:12+00:00,338,7.51,-1245.08,189,26.81
2023-05-07T18:58:34+00:00,339,7.49,-1245.08,190,26.75
2023-05-07T18:58:56+00:00,340,7.51,-1245.08,189,26.81
2023-05-07T18:59:18+00:00,341,7.51,-1245.08,191,26.75
2023-05-07T18:59:40+00:00,342,7.5,-1245.08,189,26.81
2023-05-07T19:00:02+00:00,343,7.51,-1201.55,189,26.81
2023-05-07T19:00:24+00:00,344,7.5,-1201.55,189,26.81
2023-05-07T19:00:46+00:00,345,7.52,-1201.55,190,26.75
2023-05-07T19:01:08+00:00,346,7.5,-1201.55,191,26.75
2023-05-07T19:01:30+00:00,347,7.51,-1201.55,190,26.81
2023-05-07T19:01:52+00:00,348,7.5,-1201.55,189,26.81
2023-05-07T19:02:14+00:00,349,7.5,-1201.55,191,26.75
2023-05-07T19:02:36+00:00,350,7.49,-1201.55,191,26.75
2023-05-07T19:02:58+00:00,351,7.51,-1201.55,189,26.81
2023-05-07T19:03:20+00:00,352,7.51,-1201.55,191,26.75
2023-05-07T19:03:42+00:00,353,7.52,-1201.55,189,26.81
2023-05-07T19:04:04+00:00,354,7.51,-1201.55,190,26.81
2023-05-07T19:04:26+00:00,355,7.5,-1201.55,190,26.81
2023-05-07T19:04:48+00:00,356,7.5,-1201.55,190,26.75
2023-05-07T19:05:10+00:00,357,7.51,-1201.55,190,26.75
2023-05-07T19:05:32+00:00,358,7.52,-1201.55,190,26.75
2023-05-07T19:05:54+00:00,359,7.5,-1201.55,190,26.75
2023-05-07T19:06:16+00:00,360,7.5,-1158.25,189,26.81
2023-05-07T19:06:38+00:00,361,7.51,-1158.25,190,26.75
2023-05-07T19:07:00+00:00,362,7.51,-1158.25,190,26.75
2023-05-07T19:07:22+00:00,363,7.48,-1158.25,190,26.81
2023-05-07T19:07:44+00:00,364,7.5,-1158.25,191,26.75
2023-05-07T19:08:06+00:00,365,7.49,-1158.25,191,26.75
2023-05-07T19:08:28+00:00,366,7.52,-1158.25,190,26.75
2023-05-07T19:08:50+00:00,367,7.51,-1158.25,189,26.81
2023-05-07T19:09:12+00:00,368,7.52,-1158.25,190,26.75
2023-05-07T19:09:34+00:00,369,7.49,-1158.25,189,26.81
2023-05-07T19:09:56+00:00,370,7.5,-1158.25,189,26.81
2023-05-07T19:10:18+00:00,371,7.51,-1158.25,190,26.81
2023-05-07T19:10:40+00:00,372,7.49,-1158.25,189,26.81
2023-05-07T19:11:02+00:00,373,7.51,-1158.25,189,26.81
2023-05-07T19:11:24+00:00,374,7.51,-1115.17,190,26.75
2023-05-07T19:11:46+00:00,375,7.5,-1115.17,190,26.75
2023-05-07T19:12:08+00:00,376,7.52,-1115.17,190,26.75
2023-05-07T19:12:30+00:00,377,7.53,-1158.25,190,26.75
2023-05-07T19:12:52+00:00,378,7.5,-1158.25,190,26.75
2023-05-07T19:13:14+00:00,379,7.51,-1115.17,190,26.81
2023-05-07T19:13:36+00:00,380,7.51,-1115.17,190,26.75
2023-05-07T19:13:58+00:00,381,7.5,-1115.17,189,26.81
2023-05-07T19:14:20+00:00,382,7.51,-1115.17,189,26.81
2023-05-07T19:14:42+00:00,383,7.5,-1115.17,190,26.75
2023-05-07T19:15:04+00:00,384,7.51,-1158.25,190,26.75
2023-05-07T19:15:26+00:00,385,7.5,-1115.17,190,26.75
2023-05-07T19:15:48+00:00,386,7.52,-1115.17,189,26.81
2023-05-07T19:16:10+00:00,387,7.52,-1158.25,190,26.75
2023-05-07T19:16:32+00:00,388,7.5,-1158.25,191,26.75
2023-05-07T19:16:54+00:00,389,7.5,-1158.25,190,26.75
2023-05-07T19:17:16+00:00,390,7.5,-1158.25,190,26.75
2023-05-07T19:17:38+00:00,391,7.5,-1115.17,190,26.75
2023-05-07T19:18:00+00:00,392,7.51,-1115.17,190,26.75
2023-05-07T19:18:22+00:00,393,7.5,-1115.17,191,26.75
2023-05-07T19:18:44+00:00,394,7.51,-1115.17,189,26.81
2023-05-07T19:19:06+00:00,395,7.5,-1115.17,190,26.75
2023-05-07T19:19:28+00:00,396,7.51,-1072.32,189,26.81
2023-05-07T19:19:50+00:00,397,7.5,-1072.32,189,26.81
2023-05-07T19:20:12+00:00,398,7.5,-1072.32,190,26.75
2023-05-07T19:20:34+00:00,399,7.51,-1072.32,189,26.81
2023-05-07T19:20:56+00:00,400,7.48,-1072.32,189,26.81
2023-05-07T19:21:18+00:00,401,7.51,-1072.32,190,26.81
2023-05-07T19:21:40+00:00,402,7.5,-1072.32,189,26.81
2023-05-07T19:22:02+00:00,403,7.5,-1072.32,189,26.81
2023-05-07T19:22:24+00:00,404,7.5,-1072.32,190,26.75
2023-05-07T19:22:46+00:00,405,7.51,-1072.32,190,26.75
2023-05-07T19:23:08+00:00,406,7.5,-1072.32,190,26.75
2023-05-07T19:23:30+00:00,407,7.48,-1072.32,190,26.75
2023-05-07T19:23:52+00:00,408,7.49,-1072.32,189,26.81
2023-05-07T19:24:14+00:00,409,7.51,-1072.32,190,26.75
2023-05-07T19:24:36+00:00,410,7.52,-1115.17,189,26.81
2023-05-07T19:24:58+00:00,411,7.5,-1072.32,190,26.75
2023-05-07T19:25:20+00:00,412,7.5,-1072.32,189,26.81
2023-05-07T19:25:42+00:00,413,7.5,-1072.32,190,26.75
2023-05-07T19:26:04+00:00,414,7.51,-987.29,189,26.81
2023-05-07T19:26:26+00:00,415,7.51,-1029.69,191,26.75
2023-05-07T19:26:48+00:00,416,7.5,-1072.32,189,26.81
2023-05-07T19:27:10+00:00,417,7.51,-1029.69,190,26.75
2023-05-07T19:27:32+00:00,418,7.51,-1029.69,189,26.81
2023-05-07T19:27:54+00:00,419,7.52,-987.29,190,26.75
2023-05-07T19:28:16+00:00,420,7.5,-1029.69,190,26.81
2023-05-07T19:28:38+00:00,421,7.51,-1029.69,191,26.69
2023-05-07T19:29:00+00:00,422,7.51,-987.29,190,26.75
2023-05-07T19:29:22+00:00,423,7.51,-945.11,190,26.75
2023-05-07T19:29:44+00:00,424,7.5,-945.11,190,26.75
2023-05-07T19:30:06+00:00,425,7.51,-1029.69,191,26.75
2023-05-07T19:30:28+00:00,426,7.5,-987.29,191,26.75
2023-05-07T19:30:50+00:00,427,7.5,-987.29,190,26.75
2023-05-07T19:31:12+00:00,428,7.51,-987.29,191,26.75
2023-05-07T19:31:34+00:00,429,7.5,-987.29,189,26.81
2023-05-07T19:31:56+00:00,430,7.5,-987.29,191,26.75
2023-05-07T19:32:18+00:00,431,7.5,-1029.69,189,26.81
2023-05-07T19:32:40+00:00,432,7.5,-987.29,190,26.75
2023-05-07T19:33:02+00:00,433,7.5,-1029.69,190,26.75
2023-05-07T19:33:24+00:00,434,7.5,-987.29,190,26.81
2023-05-07T19:33:46+00:00,435,7.49,-987.29,191,26.75
2023-05-07T19:34:08+00:00,436,7.5,-987.29,189,26.81
2023-05-07T19:34:30+00:00,437,7.51,-535.63,189,26.81
2023-05-07T19:34:52+00:00,438,7.51,-300.69,190,26.75
2023-05-07T19:35:14+00:00,439,7.51,109.07,191,26.75
2023-05-07T19:35:36+00:00,440,7.53,2040.24,190,26.75
2023-05-07T19:35:58+00:00,441,7.53,2040.24,190,26.75
2023-05-07T19:36:20+00:00,442,7.5,2040.24,190,26.75
2023-05-07T19:36:42+00:00,443,7.49,2040.24,190,26.75
2023-05-07T19:37:04+00:00,444,7.5,2040.24,190,26.75
2023-05-07T19:37:26+00:00,445,7.49,2040.24,191,26.75
2023-05-07T19:37:48+00:00,446,7.5,2019.35,190,26.75
2023-05-07T19:38:10+00:00,447,7.51,2040.24,190,26.75
2023-05-07T19:38:32+00:00,448,7.5,2019.35,190,26.75
2023-05-07T19:38:54+00:00,449,7.49,2019.35,190,26.69
2023-05-07T19:39:16+00:00,450,7.51,2040.24,190,26.75
2023-05-07T19:39:38+00:00,451,7.5,2040.24,190,26.75
2023-05-07T19:40:00+00:00,452,7.51,2040.24,190,26.75
2023-05-07T19:40:22+00:00,453,7.5,2040.24,191,26.75
2023-05-07T19:40:44+00:00,454,7.51,2040.24,190,26.75
2023-05-07T19:41:06+00:00,455,7.5,2040.24,190,26.75
2023-05-07T19:41:28+00:00,456,7.51,2040.24,190,26.75
2023-05-07T19:41:50+00:00,457,7.5,2040.24,190,26.75
2023-05-07T19:42:12+00:00,458,7.52,2040.24,189,26.81
2023-05-07T19:42:34+00:00,459,7.51,2040.24,191,26.75
2023-05-07T19:42:56+00:00,460,7.49,2040.24,190,26.81
2023-05-07T19:43:18+00:00,461,7.49,2040.24,190,26.75
2023-05-07T19:43:40+00:00,462,7.51,2040.24,190,26.81
2023-05-07T19:44:02+00:00,463,7.51,2040.24,191,26.75
2023-05-07T19:44:24+00:00,464,7.51,2040.24,190,26.75
2023-05-07T19:44:46+00:00,465,7.49,2040.24,191,26.75
2023-05-07T19:45:07+00:00,466,7.51,2040.24,189,26.81
2023-05-07T19:45:29+00:00,467,7.5,2040.24,189,26.81
2023-05-07T19:45:51+00:00,468,7.52,2040.24,190,26.75
2023-05-07T19:46:13+00:00,469,7.49,2040.24,190,26.75
2023-05-07T19:46:35+00:00,470,7.5,2040.24,190,26.75
2023-05-07T19:46:57+00:00,471,7.5,2040.24,190,26.75
2023-05-07T19:47:19+00:00,472,7.52,2040.24,191,26.75
2023-05-07T19:47:41+00:00,473,7.5,2040.24,190,26.75
2023-05-07T19:48:03+00:00,474,7.51,2040.24,190,26.75
2023-05-07T19:48:25+00:00,475,7.51,2040.24,190,26.75
2023-05-07T19:48:47+00:00,476,7.51,2019.35,190,26.75
2023-05-07T19:49:09+00:00,477,7.5,2019.35,190,26.75
2023-05-07T19:49:31+00:00,478,7.5,2019.35,191,26.75
2023-05-07T19:49:53+00:00,479,7.51,2019.35,190,26.75
2023-05-07T19:50:15+00:00,480,7.51,2019.35,190,26.75
2023-05-07T19:50:37+00:00,481,7.5,2019.35,190,26.75
2023-05-07T19:50:59+00:00,482,7.48,2040.24,189,26.81
2023-05-07T19:51:21+00:00,483,7.51,2040.24,189,26.81
2023-05-07T19:51:43+00:00,484,7.5,2040.24,191,26.75
2023-05-07T19:52:05+00:00,485,7.49,2040.24,190,26.75
2023-05-07T19:52:27+00:00,486,7.5,2040.24,191,26.75
2023-05-07T19:52:49+00:00,487,7.5,2040.24,190,26.75
2023-05-07T19:53:11+00:00,488,7.5,2040.24,191,26.75
2023-05-07T19:53:33+00:00,489,7.51,2040.24,190,26.75
2023-05-07T19:53:55+00:00,490,7.51,2040.24,190,26.81
2023-05-07T19:54:17+00:00,491,7.5,2040.24,191,26.75
2023-05-07T19:54:39+00:00,492,7.5,2040.24,190,26.75
2023-05-07T19:55:01+00:00,493,7.49,2040.24,190,26.81
2023-05-07T19:55:23+00:00,494,7.5,2040.24,190,26.75
2023-05-07T19:55:45+00:00,495,7.5,2040.24,191,26.75
2023-05-07T19:56:07+00:00,496,7.5,2040.24,191,26.69
2023-05-07T19:56:29+00:00,497,7.52,2040.24,190,26.75
2023-05-07T19:56:51+00:00,498,7.48,2040.24,191,26.75
2023-05-07T19:57:13+00:00,499,7.49,2040.24,190,26.75
2023-05-07T19:57:35+00:00,500,7.5,2040.24,190,26.75
2023-05-07T19:57:57+00:00,501,7.5,2040.24,190,26.75
2023-05-07T19:58:19+00:00,502,7.51,2040.24,190,26.75
2023-05-07T19:58:41+00:00,503,7.51,2040.24,190,26.69
2023-05-07T19:59:03+00:00,504,7.5,2040.24,191,26.75
2023-05-07T19:59:25+00:00,505,7.5,2040.24,190,26.75
2023-05-07T19:59:47+00:00,506,7.49,2040.24,190,26.75
2023-05-07T20:00:09+00:00,507,7.5,2040.24,191,26.75
2023-05-07T20:00:31+00:00,508,7.51,2040.24,190,26.81
2023-05-07T20:00:53+00:00,509,7.5,2040.24,189,26.81
2023-05-07T20:01:15+00:00,510,7.48,2040.24,190,26.75
2023-05-07T20:01:37+00:00,511,7.49,2040.24,190,26.75
2023-05-07T20:01:59+00:00,512,7.51,2040.24,190,26.75
2023-05-07T20:02:21+00:00,513,7.5,2040.24,191,26.75
2023-05-07T20:02:43+00:00,514,7.5,2040.24,191,26.75
2023-05-07T20:03:05+00:00,515,7.5,2040.24,190,26.75
2023-05-07T20:03:27+00:00,516,7.51,2040.24,191,26.75
2023-05-07T20:03:49+00:00,517,7.5,2040.24,190,26.81
2023-05-07T20:04:11+00:00,518,7.5,2040.24,190,26.75
2023-05-07T20:04:33+00:00,519,7.5,2040.24,189,26.81
2023-05-07T20:04:55+00:00,520,7.51,2040.24,190,26.69
2023-05-07T20:05:17+00:00,521,7.52,2040.24,190,26.75
2023-05-07T20:05:39+00:00,522,7.5,2040.24,190,26.75
2023-05-07T20:06:01+00:00,523,7.48,2040.24,190,26.75
2023-05-07T20:06:23+00:00,524,7.51,2040.24,190,26.75
2023-05-07T20:06:45+00:00,525,7.5,2040.24,190,26.75
2023-05-07T20:07:07+00:00,526,7.5,2040.24,190,26.75
2023-05-07T20:07:29+00:00,527,7.51,2040.24,190,26.75
2023-05-07T20:07:51+00:00,528,7.49,2040.24,191,26.75
2023-05-07T20:08:13+00:00,529,7.51,2040.24,191,26.75
2023-05-07T20:08:35+00:00,530,7.51,2040.24,190,26.75
2023-05-07T20:08:57+00:00,531,7.52,2040.24,190,26.75
2023-05-07T20:09:19+00:00,532,7.5,2040.24,189,26.81
2023-05-07T20:09:41+00:00,533,7.5,2040.24,191,26.75
2023-05-07T20:10:03+00:00,534,7.51,2040.24,191,26.69
2023-05-07T20:10:25+00:00,535,7.49,2040.24,190,26.69
2023-05-07T20:10:47+00:00,536,7.52,2040.24,190,26.75
2023-05-07T20:11:09+00:00,537,7.5,2040.24,191,26.75
2023-05-07T20:11:31+00:00,538,7.5,2040.24,190,26.75
2023-05-07T20:11:53+00:00,539,7.51,2040.24,190,26.75
2023-05-07T20:12:15+00:00,540,7.52,2040.24,189,26.81
2023-05-07T20:12:37+00:00,541,7.49,2040.24,189,26.81
2023-05-07T20:12:59+00:00,542,7.5,2040.24,191,26.69
2023-05-07T20:13:21+00:00,543,7.5,2040.24,190,26.75
2023-05-07T20:13:43+00:00,544,7.5,2040.24,190,26.75
2023-05-07T20:14:05+00:00,545,7.51,2040.24,191,26.75
2023-05-07T20:14:27+00:00,546,7.51,2040.24,190,26.75
2023-05-07T20:14:49+00:00,547,7.51,2040.24,190,26.75
2023-05-07T20:15:11+00:00,548,7.49,2040.24,190,26.75
2023-05-07T20:15:33+00:00,549,7.51,2040.24,191,26.69
2023-05-07T20:15:55+00:00,550,7.5,2040.24,189,26.81
2023-05-07T20:16:17+00:00,551,7.5,2040.24,191,26.75
2023-05-07T20:16:39+00:00,552,7.51,2040.24,190,26.75
2023-05-07T20:17:01+00:00,553,7.51,2040.24,190,26.75
2023-05-07T20:17:23+00:00,554,7.49,2040.24,190,26.75
2023-05-07T20:17:45+00:00,555,7.5,2040.24,191,26.75
2023-05-07T20:18:07+00:00,556,7.5,2040.24,190,26.75
2023-05-07T20:18:29+00:00,557,7.5,2040.24,190,26.75
2023-05-07T20:18:51+00:00,558,7.51,2040.24,190,26.69
2023-05-07T20:19:13+00:00,559,7.5,2040.24,191,26.75
2023-05-07T20:19:35+00:00,560,7.5,2040.24,191,26.69
2023-05-07T20:19:57+00:00,561,7.5,2040.24,188,26.75
2023-05-07T20:20:19+00:00,562,7.49,2040.24,191,26.75
2023-05-07T20:20:41+00:00,563,7.5,2040.24,190,26.75
2023-05-07T20:21:03+00:00,564,7.49,2040.24,190,26.75
2023-05-07T20:21:25+00:00,565,7.5,2040.24,190,26.69
2023-05-07T20:21:47+00:00,566,7.5,2040.24,190,26.69
2023-05-07T20:22:09+00:00,567,7.5,2040.24,190,26.75
2023-05-07T20:22:31+00:00,568,7.5,2040.24,190,26.69
2023-05-07T20:22:53+00:00,569,7.5,2040.24,190,26.69
2023-05-07T20:23:15+00:00,570,7.5,2040.24,190,26.75
2023-05-07T20:23:37+00:00,571,7.5,2040.24,190,26.75
2023-05-07T20:23:59+00:00,572,7.49,2040.24,190,26.75
2023-05-07T20:24:21+00:00,573,7.52,2040.24,190,26.75
2023-05-07T20:24:43+00:00,574,7.51,2040.24,190,26.69
2023-05-07T20:25:05+00:00,575,7.5,2040.24,190,26.75
2023-05-07T20:25:27+00:00,576,7.48,2040.24,190,26.69
2023-05-07T20:25:49+00:00,577,7.51,2040.24,191,26.75
2023-05-07T20:26:11+00:00,578,7.51,2040.24,190,26.69
2023-05-07T20:26:33+00:00,579,7.5,2040.24,191,26.75
2023-05-07T20:26:55+00:00,580,7.5,2040.24,190,26.75
2023-05-07T20:27:17+00:00,581,7.51,2040.24,190,26.75
2023-05-07T20:27:39+00:00,582,7.49,2040.24,190,26.75
2023-05-07T20:28:01+00:00,583,7.48,2040.24,190,26.75
2023-05-07T20:28:23+00:00,584,7.5,2040.24,190,26.69
2023-05-07T20:28:45+00:00,585,7.5,2040.24,191,26.69
2023-05-07T20:29:07+00:00,586,7.5,2040.24,190,26.75
2023-05-07T20:29:29+00:00,587,7.5,2040.24,188,26.75
2023-05-07T20:29:51+00:00,588,7.49,2040.24,191,26.75
2023-05-07T20:30:13+00:00,589,7.51,2040.24,191,26.69
2023-05-07T20:30:35+00:00,590,7.5,2040.24,190,26.69
2023-05-07T20:30:57+00:00,591,7.49,2040.24,191,26.69
2023-05-07T20:31:19+00:00,592,7.5,2040.24,190,26.75
2023-05-07T20:31:41+00:00,593,7.51,2040.24,190,26.69
2023-05-07T20:32:03+00:00,594,7.49,2040.24,191,26.69
2023-05-07T20:32:25+00:00,595,7.53,2040.24,190,26.75
2023-05-07T20:32:47+00:00,596,7.49,2040.24,190,26.69
2023-05-07T20:33:09+00:00,597,7.5,2040.24,190,26.75
2023-05-07T20:33:31+00:00,598,7.5,2040.24,190,26.69
2023-05-07T20:33:53+00:00,599,7.5,2040.24,190,26.75
2023-05-07T20:34:15+00:00,600,7.51,2040.24,190,26.69
2023-05-07T20:34:37+00:00,601,7.5,2040.24,190,26.75
2023-05-07T20:34:59+00:00,602,7.49,2040.24,190,26.69
2023-05-07T20:35:21+00:00,603,7.5,2040.24,190,26.69
2023-05-07T20:35:43+00:00,604,7.51,2040.24,191,26.69
2023-05-07T20:36:05+00:00,605,7.48,2040.24,190,26.75
2023-05-07T20:36:27+00:00,606,7.51,2040.24,191,26.69
2023-05-07T20:36:49+00:00,607,7.5,2040.24,190,26.75
2023-05-07T20:37:11+00:00,608,7.52,2040.24,190,26.75
2023-05-07T20:37:33+00:00,609,7.52,2040.24,190,26.69
2023-05-07T20:37:55+00:00,610,7.51,2040.24,190,26.69
2023-05-07T20:38:17+00:00,611,7.5,2040.24,190,26.69
2023-05-07T20:38:39+00:00,612,7.48,2040.24,191,26.69
2023-05-07T20:39:01+00:00,613,7.5,2040.24,190,26.69
2023-05-07T20:39:23+00:00,614,7.5,2040.24,191,26.69
2023-05-07T20:39:45+00:00,615,7.51,2040.24,191,26.69
2023-05-07T20:40:07+00:00,616,7.48,2040.24,189,26.69
2023-05-07T20:40:29+00:00,617,7.5,2040.24,190,26.75
2023-05-07T20:40:51+00:00,618,7.49,2040.24,190,26.69
2023-05-07T20:41:13+00:00,619,7.5,2040.24,191,26.69
2023-05-07T20:41:35+00:00,620,7.51,2040.24,190,26.75
2023-05-07T20:41:57+00:00,621,7.5,2040.24,191,26.75
2023-05-07T20:42:19+00:00,622,7.48,2040.24,191,26.75
2023-05-07T20:42:41+00:00,623,7.49,2040.24,191,26.75
2023-05-07T20:43:03+00:00,624,7.51,2040.24,190,26.69
2023-05-07T20:43:25+00:00,625,7.49,2040.24,191,26.69
2023-05-07T20:43:47+00:00,626,7.5,2040.24,190,26.69
2023-05-07T20:44:09+00:00,627,7.48,2040.24,189,26.69
2023-05-07T20:44:31+00:00,628,7.5,2040.24,190,26.69
2023-05-07T20:44:53+00:00,629,7.5,2040.24,190,26.75
2023-05-07T20:45:15+00:00,630,7.51,2040.24,191,26.69
2023-05-07T20:45:37+00:00,631,7.5,2040.24,190,26.69
2023-05-07T20:45:59+00:00,632,7.5,2040.24,190,26.69
2023-05-07T20:46:21+00:00,633,7.5,2040.24,190,26.69
2023-05-07T20:46:43+00:00,634,7.51,2040.24,190,26.69
2023-05-07T20:47:05+00:00,635,7.5,2040.24,190,26.69
2023-05-07T20:47:27+00:00,636,7.49,2040.24,191,26.75
2023-05-07T20:47:49+00:00,637,7.5,2040.24,190,26.69
2023-05-07T20:48:11+00:00,638,7.5,2040.24,191,26.75
2023-05-07T20:48:33+00:00,639,7.48,2040.24,189,26.69
2023-05-07T20:48:55+00:00,640,7.5,2040.24,190,26.69
2023-05-07T20:49:17+00:00,641,7.5,2040.24,191,26.69
2023-05-07T20:49:39+00:00,642,7.5,2040.24,190,26.75
2023-05-07T20:50:01+00:00,643,7.51,2040.24,191,26.75
2023-05-07T20:50:23+00:00,644,7.47,2040.24,189,26.62
2023-05-07T20:50:45+00:00,645,7.5,2040.24,190,26.69
2023-05-07T20:51:07+00:00,646,7.52,2040.24,190,26.75
2023-05-07T20:51:29+00:00,647,7.49,2040.24,191,26.69
2023-05-07T20:51:51+00:00,648,7.49,2040.24,190,26.75
2023-05-07T20:52:12+00:00,649,7.49,2040.24,191,26.62
2023-05-07T20:52:34+00:00,650,7.5,2040.24,190,26.62
2023-05-07T20:52:56+00:00,651,7.49,2040.24,190,26.69
2023-05-07T20:53:19+00:00,652,7.5,2040.24,190,26.69
2023-05-07T20:53:40+00:00,653,7.49,2040.24,191,26.69
2023-05-07T20:54:02+00:00,654,7.5,2040.24,190,26.69
2023-05-07T20:54:24+00:00,655,7.52,2040.24,190,26.69
2023-05-07T20:54:46+00:00,656,7.5,2040.24,190,26.69
2023-05-07T20:55:08+00:00,657,7.5,2040.24,190,26.69
2023-05-07T20:55:30+00:00,658,7.5,2040.24,190,26.69
2023-05-07T20:55:52+00:00,659,7.5,2040.24,190,26.75
2023-05-07T20:56:14+00:00,660,7.5,2040.24,190,26.69
2023-05-07T20:56:36+00:00,661,7.5,2040.24,191,26.69
2023-05-07T20:56:58+00:00,662,7.5,2040.24,191,26.69
2023-05-07T20:57:20+00:00,663,7.49,2040.24,190,26.69
2023-05-07T20:57:42+00:00,664,7.48,2040.24,190,26.62
2023-05-07T20:58:04+00:00,665,7.5,2040.24,190,26.69
2023-05-07T20:58:26+00:00,666,7.48,2040.24,191,26.69
2023-05-07T20:58:48+00:00,667,7.48,2040.24,190,26.69
2023-05-07T20:59:10+00:00,668,7.49,2040.24,190,26.69
2023-05-07T20:59:32+00:00,669,7.49,2040.24,191,26.62
2023-05-07T20:59:54+00:00,670,7.47,2040.24,190,26.69
2023-05-07T21:00:16+00:00,671,7.5,2040.24,190,26.69
2023-05-07T21:00:38+00:00,672,7.52,2040.24,190,26.62
2023-05-07T21:01:00+00:00,673,7.49,2040.24,190,26.75
2023-05-07T21:01:22+00:00,674,7.52,2040.24,190,26.69
2023-05-07T21:01:44+00:00,675,7.48,2040.24,191,26.69
2023-05-07T21:02:06+00:00,676,7.51,2040.24,190,26.69
2023-05-07T21:02:28+00:00,677,7.48,2040.24,190,26.69
2023-05-07T21:02:50+00:00,678,7.49,2040.24,190,26.69
2023-05-07T21:03:12+00:00,679,7.5,2040.24,190,26.69
2023-05-07T21:03:34+00:00,680,7.48,2040.24,190,26.69
2023-05-07T21:03:56+00:00,681,7.49,2040.24,190,26.75
2023-05-07T21:04:18+00:00,682,7.51,2040.24,191,26.69
2023-05-07T21:04:40+00:00,683,7.5,2040.24,191,26.69
2023-05-07T21:05:02+00:00,684,7.49,2040.24,190,26.75
2023-05-07T21:05:24+00:00,685,7.5,2040.24,190,26.69
2023-05-07T21:05:46+00:00,686,7.51,2040.24,190,26.69
2023-05-07T21:06:08+00:00,687,7.49,2040.24,189,26.69
2023-05-07T21:06:30+00:00,688,7.48,2040.24,190,26.69
2023-05-07T21:06:52+00:00,689,7.5,2040.24,191,26.69
2023-05-07T21:07:14+00:00,690,7.5,2040.24,190,26.69
2023-05-07T21:07:36+00:00,691,7.49,2040.24,191,26.69
2023-05-07T21:07:58+00:00,692,7.5,2040.24,190,26.69
2023-05-07T21:08:20+00:00,693,7.5,2040.24,191,26.69
2023-05-07T21:08:42+00:00,694,7.48,2040.24,190,26.69
2023-05-07T21:09:04+00:00,695,7.51,2040.24,191,26.69
2023-05-07T21:09:26+00:00,696,7.5,2040.24,190,26.69
2023-05-07T21:09:48+00:00,697,7.5,2040.24,190,26.69
2023-05-07T21:10:10+00:00,698,7.5,2040.24,190,26.69
2023-05-07T21:10:32+00:00,699,7.48,2040.24,189,26.69
2023-05-07T21:10:54+00:00,700,7.49,2040.24,190,26.69
2023-05-07T21:11:16+00:00,701,7.51,2040.24,190,26.69
2023-05-07T21:11:38+00:00,702,7.49,2040.24,191,26.75
2023-05-07T21:12:00+00:00,703,7.49,2040.24,191,26.69
2023-05-07T21:12:22+00:00,704,7.49,2040.24,190,26.69
2023-05-07T21:12:44+00:00,705,7.5,2040.24,191,26.69
2023-05-07T21:13:06+00:00,706,7.5,2040.24,190,26.69
2023-05-07T21:13:28+00:00,707,7.48,2040.24,191,26.75
2023-05-07T21:13:50+00:00,708,7.48,2040.24,191,26.69
2023-05-07T21:14:12+00:00,709,7.49,2040.24,190,26.69
2023-05-07T21:14:34+00:00,710,7.49,2040.24,190,26.69
2023-05-07T21:14:56+00:00,711,7.48,2040.24,191,26.62
2023-05-07T21:15:18+00:00,712,7.5,2040.24,191,26.69
2023-05-07T21:15:40+00:00,713,7.49,2040.24,190,26.69
2023-05-07T21:16:02+00:00,714,7.49,2040.24,191,26.62
2023-05-07T21:16:24+00:00,715,7.5,2040.24,190,26.69
2023-05-07T21:16:46+00:00,716,7.5,2040.24,190,26.75
2023-05-07T21:17:08+00:00,717,7.51,2040.24,190,26.69
2023-05-07T21:17:30+00:00,718,7.49,2040.24,190,26.69
2023-05-07T21:17:52+00:00,719,7.5,2040.24,191,26.69
2023-05-07T21:18:14+00:00,720,7.5,2040.24,190,26.69
2023-05-07T21:18:36+00:00,721,7.48,2040.24,190,26.69
2023-05-07T21:18:58+00:00,722,7.49,2040.24,190,26.69
2023-05-07T21:19:20+00:00,723,7.49,2040.24,191,26.69
2023-05-07T21:19:42+00:00,724,7.49,2040.24,190,26.69
2023-05-07T21:20:04+00:00,725,7.5,2040.24,190,26.69
2023-05-07T21:20:26+00:00,726,7.49,2040.24,190,26.69
2023-05-07T21:20:48+00:00,727,7.48,2040.24,190,26.69
2023-05-07T21:21:10+00:00,728,7.49,2040.24,190,26.75
2023-05-07T21:21:32+00:00,729,7.51,2040.24,190,26.69
2023-05-07T21:21:54+00:00,730,7.51,2040.24,190,26.69
2023-05-07T21:22:16+00:00,731,7.5,2040.24,191,26.69
2023-05-07T21:22:38+00:00,732,7.5,2040.24,190,26.69
2023-05-07T21:23:00+00:00,733,7.48,2040.24,190,26.69
2023-05-07T21:23:22+00:00,734,7.48,2040.24,190,26.69
2023-05-07T21:23:44+00:00,735,7.5,2040.24,190,26.75
2023-05-07T21:24:06+00:00,736,7.49,2040.24,190,26.69
2023-05-07T21:24:28+00:00,737,7.49,2040.24,190,26.69
2023-05-07T21:24:50+00:00,738,7.5,2040.24,191,26.69
2023-05-07T21:25:12+00:00,739,7.49,2040.24,190,26.69
2023-05-07T21:25:34+00:00,740,7.49,2040.24,191,26.69
2023-05-07T21:25:56+00:00,741,7.5,2040.24,190,26.69
2023-05-07T21:26:18+00:00,742,7.49,2040.24,190,26.69
2023-05-07T21:26:40+00:00,743,7.51,2040.24,190,26.69
2023-05-07T21:27:02+00:00,744,7.49,2040.24,190,26.75
2023-05-07T21:27:24+00:00,745,7.51,2040.24,189,26.81
2023-05-07T21:27:46+00:00,746,7.49,2040.24,191,26.69
2023-05-07T21:28:08+00:00,747,7.49,2040.24,191,26.75
2023-05-07T21:28:30+00:00,748,7.49,2040.24,190,26.69
2023-05-07T21:28:52+00:00,749,7.49,2040.24,191,26.69
2023-05-07T21:29:14+00:00,750,7.49,2040.24,190,26.75
2023-05-07T21:29:36+00:00,751,7.5,2040.24,190,26.75
2023-05-07T21:29:58+00:00,752,7.48,2040.24,190,26.75
2023-05-07T21:30:20+00:00,753,7.49,2040.24,190,26.75
2023-05-07T21:30:42+00:00,754,7.49,2040.24,190,26.75
2023-05-07T21:31:04+00:00,755,7.5,2040.24,190,26.69
2023-05-07T21:31:26+00:00,756,7.49,2040.24,190,26.69
2023-05-07T21:31:48+00:00,757,7.48,2040.24,191,26.69
2023-05-07T21:32:10+00:00,758,7.49,2040.24,190,26.75
2023-05-07T21:32:32+00:00,759,7.49,2040.24,190,26.69
2023-05-07T21:32:54+00:00,760,7.48,2040.24,191,26.69
2023-05-07T21:33:16+00:00,761,7.5,2040.24,190,26.69
2023-05-07T21:33:38+00:00,762,7.5,2040.24,190,26.69
2023-05-07T21:34:00+00:00,763,7.49,2040.24,191,26.69
2023-05-07T21:34:22+00:00,764,7.48,2040.24,190,26.75
2023-05-07T21:34:44+00:00,765,7.5,2040.24,190,26.69
2023-05-07T21:35:06+00:00,766,7.5,2040.24,190,26.75
2023-05-07T21:35:28+00:00,767,7.49,2040.24,190,26.69
2023-05-07T21:35:50+00:00,768,7.52,2040.24,190,26.69
2023-05-07T21:36:12+00:00,769,7.47,2040.24,190,26.69
2023-05-07T21:36:34+00:00,770,7.5,2040.24,190,26.75
2023-05-07T21:36:56+00:00,771,7.49,2040.24,190,26.69
2023-05-07T21:37:18+00:00,772,7.49,2040.24,190,26.75
2023-05-07T21:37:40+00:00,773,7.5,2040.24,190,26.69
2023-05-07T21:38:02+00:00,774,7.5,2040.24,190,26.69
2023-05-07T21:38:24+00:00,775,7.5,2040.24,190,26.69
2023-05-07T21:38:46+00:00,776,7.49,2040.24,190,26.69
2023-05-07T21:39:08+00:00,777,7.49,2040.24,190,26.69
2023-05-07T21:39:30+00:00,778,7.48,2040.24,190,26.62
2023-05-07T21:39:52+00:00,779,7.5,2040.24,191,26.69
2023-05-07T21:40:14+00:00,780,7.5,2040.24,190,26.69
2023-05-07T21:40:36+00:00,781,7.5,2040.24,190,26.69
2023-05-07T21:40:58+00:00,782,7.49,2040.24,190,26.69
2023-05-07T21:41:20+00:00,783,7.49,2040.24,190,26.75
2023-05-07T21:41:42+00:00,784,7.49,2040.24,190,26.75
2023-05-07T21:42:04+00:00,785,7.49,2040.24,190,26.69
2023-05-07T21:42:26+00:00,786,7.49,2040.24,190,26.69
2023-05-07T21:42:48+00:00,787,7.51,2040.24,190,26.69
2023-05-07T21:43:10+00:00,788,7.49,2040.24,190,26.69
2023-05-07T21:43:32+00:00,789,7.48,2040.24,190,26.75
2023-05-07T21:43:54+00:00,790,7.47,2040.24,190,26.75
2023-05-07T21:44:16+00:00,791,7.49,2040.24,190,26.75
2023-05-07T21:44:38+00:00,792,7.5,2040.24,190,26.75
2023-05-07T21:45:00+00:00,793,7.49,2040.24,190,26.69
2023-05-07T21:45:22+00:00,794,7.49,2040.24,190,26.69
2023-05-07T21:45:44+00:00,795,7.5,2040.24,190,26.69
2023-05-07T21:46:06+00:00,796,7.5,2040.24,190,26.69
2023-05-07T21:46:28+00:00,797,7.48,2040.24,188,26.75
2023-05-07T21:46:50+00:00,798,7.5,2040.24,190,26.69
2023-05-07T21:47:12+00:00,799,7.51,2040.24,191,26.62
2023-05-07T21:47:34+00:00,800,7.49,2040.24,191,26.69
2023-05-07T21:47:56+00:00,801,7.48,2040.24,190,26.69
2023-05-07T21:48:18+00:00,802,7.49,2040.24,190,26.69
2023-05-07T21:48:40+00:00,803,7.49,2040.24,190,26.69
2023-05-07T21:49:02+00:00,804,7.47,2040.24,190,26.69
2023-05-07T21:49:24+00:00,805,7.51,2040.24,190,26.69
2023-05-07T21:49:46+00:00,806,7.49,2040.24,190,26.75
2023-05-07T21:50:08+00:00,807,7.5,2040.24,190,26.69
2023-05-07T21:50:30+00:00,808,7.5,2040.24,191,26.69
2023-05-07T21:50:52+00:00,809,7.5,2040.24,190,26.69
2023-05-07T21:51:14+00:00,810,7.48,2040.24,191,26.69
2023-05-07T21:51:36+00:00,811,7.49,2040.24,190,26.69
2023-05-07T21:51:58+00:00,812,7.51,2040.24,190,26.69
2023-05-07T21:52:20+00:00,813,7.49,2040.24,190,26.69
2023-05-07T21:52:42+00:00,814,7.5,2040.24,190,26.69
2023-05-07T21:53:04+00:00,815,7.5,2040.24,190,26.69
2023-05-07T21:53:26+00:00,816,7.5,2040.24,190,26.69
2023-05-07T21:53:48+00:00,817,7.51,2040.24,191,26.75
2023-05-07T21:54:10+00:00,818,7.5,2040.24,191,26.69
2023-05-07T21:54:32+00:00,819,7.49,2040.24,191,26.69
2023-05-07T21:54:54+00:00,820,7.48,2040.24,191,26.75
2023-05-07T21:55:16+00:00,821,7.49,2040.24,190,26.69
2023-05-07T21:55:38+00:00,822,7.5,2040.24,190,26.69
2023-05-07T21:56:00+00:00,823,7.49,2040.24,191,26.75
2023-05-07T21:56:22+00:00,824,7.48,2040.24,190,26.69
2023-05-07T21:56:44+00:00,825,7.49,2040.24,190,26.69
2023-05-07T21:57:06+00:00,826,7.5,2040.24,190,26.75
2023-05-07T21:57:28+00:00,827,7.5,2040.24,191,26.75
2023-05-07T21:57:50+00:00,828,7.48,2040.24,190,26.69
2023-05-07T21:58:12+00:00,829,7.5,2040.24,190,26.69
2023-05-07T21:58:34+00:00,830,7.49,2040.24,191,26.69
2023-05-07T21:58:56+00:00,831,7.48,2040.24,190,26.75
2023-05-07T21:59:18+00:00,832,7.46,2040.24,191,26.69
2023-05-07T21:59:40+00:00,833,7.5,2040.24,191,26.69
2023-05-07T22:00:02+00:00,834,7.49,2040.24,190,26.75
2023-05-07T22:00:23+00:00,835,7.49,2040.24,191,26.75
2023-05-07T22:00:45+00:00,836,7.49,2040.24,191,26.75
2023-05-07T22:01:07+00:00,837,7.5,2040.24,191,26.69
2023-05-07T22:01:29+00:00,838,7.48,2040.24,190,26.75
2023-05-07T22:01:51+00:00,839,7.51,2040.24,190,26.69
2023-05-07T22:02:13+00:00,840,7.51,2040.24,190,26.69
2023-05-07T22:02:35+00:00,841,7.49,2040.24,191,26.69
2023-05-07T22:02:57+00:00,842,7.51,2040.24,190,26.69
2023-05-07T22:03:19+00:00,843,7.5,2040.24,190,26.75
2023-05-07T22:03:41+00:00,844,7.49,2040.24,190,26.69
2023-05-07T22:04:03+00:00,845,7.5,2040.24,190,26.69
2023-05-07T22:04:25+00:00,846,7.49,2040.24,190,26.75
2023-05-07T22:04:47+00:00,847,7.5,2040.24,190,26.69
2023-05-07T22:05:09+00:00,848,7.49,2040.24,190,26.69
2023-05-07T22:05:31+00:00,849,7.5,2040.24,191,26.75
2023-05-07T22:05:53+00:00,850,7.52,2040.24,190,26.75
2023-05-07T22:06:15+00:00,851,7.49,2040.24,191,26.75
2023-05-07T22:06:37+00:00,852,7.5,2040.24,190,26.75
2023-05-07T22:06:59+00:00,853,7.49,2040.24,190,26.69
2023-05-07T22:07:21+00:00,854,7.49,2040.24,190,26.69
2023-05-07T22:07:43+00:00,855,7.49,2040.24,190,26.69
2023-05-07T22:08:05+00:00,856,7.5,2040.24,190,26.69
2023-05-07T22:08:27+00:00,857,7.5,2040.24,191,26.69
2023-05-07T22:08:49+00:00,858,7.49,2040.24,190,26.69
2023-05-07T22:09:11+00:00,859,7.48,2040.24,190,26.75
2023-05-07T22:09:33+00:00,860,7.5,2040.24,190,26.75
2023-05-07T22:09:55+00:00,861,7.49,2040.24,190,26.69
2023-05-07T22:10:17+00:00,862,7.5,2040.24,190,26.75
2023-05-07T22:10:39+00:00,863,7.5,2040.24,191,26.75
2023-05-07T22:11:01+00:00,864,7.49,2040.24,190,26.75
2023-05-07T22:11:23+00:00,865,7.49,2040.24,190,26.75
2023-05-07T22:11:45+00:00,866,7.48,2040.24,191,26.75
2023-05-07T22:12:07+00:00,867,7.5,2040.24,191,26.75
2023-05-07T22:12:29+00:00,868,7.49,2040.24,190,26.69
2023-05-07T22:12:51+00:00,869,7.5,2040.24,191,26.69
2023-05-07T22:13:13+00:00,870,7.49,2040.24,190,26.69
2023-05-07T22:13:35+00:00,871,7.5,2040.24,191,26.69
2023-05-07T22:13:57+00:00,872,7.5,2040.24,190,26.69
2023-05-07T22:14:19+00:00,873,7.5,2040.24,191,26.69
2023-05-07T22:14:41+00:00,874,7.49,2040.24,190,26.69
2023-05-07T22:15:03+00:00,875,7.5,2040.24,191,26.62
2023-05-07T22:15:25+00:00,876,7.49,2040.24,190,26.69
2023-05-07T22:15:47+00:00,877,7.49,2040.24,191,26.62
2023-05-07T22:16:09+00:00,878,7.49,2040.24,190,26.69
2023-05-07T22:16:31+00:00,879,7.48,2040.24,190,26.69
2023-05-07T22:16:53+00:00,880,7.49,2040.24,191,26.69
2023-05-07T22:17:15+00:00,881,7.49,2040.24,191,26.75
2023-05-07T22:17:37+00:00,882,7.51,2040.24,191,26.75
2023-05-07T22:17:59+00:00,883,7.48,2040.24,190,26.69
2023-05-07T22:18:21+00:00,884,7.5,2040.24,191,26.69
2023-05-07T22:18:43+00:00,885,7.49,2040.24,190,26.75
2023-05-07T22:19:05+00:00,886,7.5,2040.24,190,26.69
2023-05-07T22:19:27+00:00,887,7.49,2040.24,190,26.69
2023-05-07T22:19:49+00:00,888,7.49,2040.24,191,26.69
2023-05-07T22:20:11+00:00,889,7.47,2040.24,190,26.69
2023-05-07T22:20:33+00:00,890,7.49,2040.24,190,26.69
2023-05-07T22:20:55+00:00,891,7.49,2040.24,190,26.75
2023-05-07T22:21:17+00:00,892,7.5,2040.24,190,26.69
2023-05-07T22:21:39+00:00,893,7.5,2040.24,190,26.69
2023-05-07T22:22:01+00:00,894,7.48,2040.24,190,26.69
2023-05-07T22:22:23+00:00,895,7.5,2040.24,191,26.69
2023-05-07T22:22:45+00:00,896,7.49,2040.24,190,26.69
2023-05-07T22:23:07+00:00,897,7.5,2040.24,190,26.69
2023-05-07T22:23:29+00:00,898,7.49,2040.24,191,26.69
2023-05-07T22:23:51+00:00,899,7.5,2040.24,191,26.69
2023-05-07T22:24:13+00:00,900,7.51,2040.24,190,26.69
2023-05-07T22:24:35+00:00,901,7.47,2040.24,191,26.69
2023-05-07T22:24:57+00:00,902,7.5,2040.24,190,26.69
2023-05-07T22:25:19+00:00,903,7.5,2040.24,190,26.75
2023-05-07T22:25:41+00:00,904,7.49,2040.24,190,26.75
2023-05-07T22:26:03+00:00,905,7.47,2040.24,190,26.69
2023-05-07T22:26:25+00:00,906,7.49,2040.24,190,26.75
2023-05-07T22:26:47+00:00,907,7.49,2040.24,190,26.75
2023-05-07T22:27:09+00:00,908,7.49,2040.24,191,26.69
2023-05-07T22:27:31+00:00,909,7.47,2040.24,190,26.69
2023-05-07T22:27:53+00:00,910,7.5,2040.24,190,26.69
2023-05-07T22:28:15+00:00,911,7.49,2040.24,191,26.69
2023-05-07T22:28:37+00:00,912,7.49,2040.24,190,26.69
2023-05-07T22:28:59+00:00,913,7.49,2040.24,190,26.75
2023-05-07T22:29:21+00:00,914,7.49,2040.24,190,26.75
2023-05-07T22:29:43+00:00,915,7.48,2040.24,191,26.75
2023-05-07T22:30:05+00:00,916,7.51,2040.24,191,26.75
2023-05-07T22:30:27+00:00,917,7.5,2040.24,190,26.75
2023-05-07T22:30:49+00:00,918,7.53,2040.24,190,26.69
2023-05-07T22:31:11+00:00,919,7.5,2040.24,191,26.69
2023-05-07T22:31:33+00:00,920,7.49,2040.24,190,26.75
2023-05-07T22:31:55+00:00,921,7.5,2040.24,190,26.75
2023-05-07T22:32:17+00:00,922,7.5,2040.24,190,26.69
2023-05-07T22:32:39+00:00,923,7.5,2040.24,190,26.69
2023-05-07T22:33:01+00:00,924,7.52,2040.24,190,26.75
2023-05-07T22:33:23+00:00,925,7.5,2040.24,190,26.69
2023-05-07T22:33:45+00:00,926,7.48,2040.24,190,26.75
2023-05-07T22:34:07+00:00,927,7.5,2040.24,190,26.69
2023-05-07T22:34:29+00:00,928,7.49,2040.24,190,26.69
2023-05-07T22:34:51+00:00,929,7.51,2040.24,190,26.75
2023-05-07T22:35:13+00:00,930,7.48,2040.24,190,26.69
2023-05-07T22:35:35+00:00,931,7.47,2040.24,190,26.69
2023-05-07T22:35:57+00:00,932,7.5,2040.24,190,26.69
2023-05-07T22:36:19+00:00,933,7.49,2040.24,191,26.75
2023-05-07T22:36:41+00:00,934,7.5,2040.24,190,26.75
2023-05-07T22:37:03+00:00,935,7.48,2040.24,190,26.75
2023-05-07T22:37:25+00:00,936,7.49,2040.24,191,26.69
2023-05-07T22:37:47+00:00,937,7.49,2040.24,190,26.69
2023-05-07T22:38:09+00:00,938,7.5,2040.24,190,26.69
2023-05-07T22:38:31+00:00,939,7.5,2040.24,191,26.75
2023-05-07T22:38:53+00:00,940,7.52,2040.24,190,26.75
2023-05-07T22:39:15+00:00,941,7.5,2040.24,190,26.75
2023-05-07T22:39:37+00:00,942,7.5,2040.24,190,26.75
2023-05-07T22:39:59+00:00,943,7.48,2040.24,190,26.69
2023-05-07T22:40:21+00:00,944,7.49,2040.24,191,26.69
2023-05-07T22:40:43+00:00,945,7.49,2040.24,190,26.69
2023-05-07T22:41:05+00:00,946,7.5,2040.24,191,26.69
2023-05-07T22:41:27+00:00,947,7.48,2040.24,190,26.69
2023-05-07T22:41:49+00:00,948,7.49,2040.24,190,26.69
2023-05-07T22:42:11+00:00,949,7.48,2040.24,191,26.69
2023-05-07T22:42:33+00:00,950,7.5,2040.24,190,26.75
2023-05-07T22:42:55+00:00,951,7.49,2040.24,191,26.69
2023-05-07T22:43:17+00:00,952,7.51,2040.24,191,26.75
2023-05-07T22:43:39+00:00,953,7.49,2040.24,190,26.69
2023-05-07T22:44:01+00:00,954,7.49,2040.24,191,26.69
2023-05-07T22:44:23+00:00,955,7.49,2040.24,191,26.69
2023-05-07T22:44:45+00:00,956,7.49,2040.24,190,26.69
2023-05-07T22:45:07+00:00,957,7.49,2040.24,190,26.75
2023-05-07T22:45:29+00:00,958,7.49,2040.24,190,26.69
2023-05-07T22:45:51+00:00,959,7.5,2040.24,190,26.75
2023-05-07T22:46:13+00:00,960,7.51,2040.24,190,26.69
2023-05-07T22:46:35+00:00,961,7.5,2040.24,190,26.75
2023-05-07T22:46:57+00:00,962,7.5,2040.24,191,26.69
2023-05-07T22:47:19+00:00,963,7.49,2040.24,191,26.75
2023-05-07T22:47:41+00:00,964,7.49,2040.24,190,26.75
2023-05-07T22:48:03+00:00,965,7.5,2040.24,190,26.75
2023-05-07T22:48:25+00:00,966,7.5,2040.24,190,26.69
2023-05-07T22:48:47+00:00,967,7.49,2040.24,191,26.69
2023-05-07T22:49:09+00:00,968,7.5,2040.24,189,26.69
2023-05-07T22:49:31+00:00,969,7.5,2040.24,190,26.69
2023-05-07T22:49:53+00:00,970,7.48,2040.24,190,26.69
2023-05-07T22:50:15+00:00,971,7.49,2040.24,191,26.69
2023-05-07T22:50:37+00:00,972,7.48,2040.24,190,26.69
2023-05-07T22:50:59+00:00,973,7.48,2040.24,190,26.75
2023-05-07T22:51:21+00:00,974,7.49,2040.24,190,26.69
2023-05-07T22:51:43+00:00,975,7.5,2040.24,190,26.69
2023-05-07T22:52:05+00:00,976,7.49,2040.24,190,26.69
2023-05-07T22:52:27+00:00,977,7.49,2040.24,191,26.62
2023-05-07T22:52:49+00:00,978,7.49,2040.24,190,26.69
2023-05-07T22:53:11+00:00,979,7.49,2040.24,191,26.69
2023-05-07T22:53:33+00:00,980,7.5,2040.24,191,26.69
2023-05-07T22:53:55+00:00,981,7.5,2040.24,190,26.69
2023-05-07T22:54:17+00:00,982,7.49,2040.24,191,26.69
2023-05-07T22:54:39+00:00,983,7.52,2040.24,191,26.69
2023-05-07T22:55:01+00:00,984,7.51,2040.24,190,26.69
2023-05-07T22:55:23+00:00,985,7.5,2040.24,190,26.69
2023-05-07T22:55:45+00:00,986,7.49,2040.24,190,26.69
2023-05-07T22:56:07+00:00,987,7.51,2040.24,189,26.69
2023-05-07T22:56:29+00:00,988,7.49,2040.24,190,26.75
2023-05-07T22:56:51+00:00,989,7.49,2040.24,190,26.75
2023-05-07T22:57:13+00:00,990,7.49,2040.24,190,26.69
2023-05-07T22:57:35+00:00,991,7.51,2040.24,190,26.69
2023-05-07T22:57:57+00:00,992,7.5,2040.24,190,26.69
2023-05-07T22:58:19+00:00,993,7.51,2040.24,190,26.75
2023-05-07T22:58:41+00:00,994,7.51,2040.24,191,26.69
2023-05-07T22:59:03+00:00,995,7.49,2040.24,190,26.69
2023-05-07T22:59:25+00:00,996,7.5,2040.24,190,26.69
2023-05-07T22:59:47+00:00,997,7.5,2040.24,190,26.62
2023-05-07T23:00:09+00:00,998,7.5,2040.24,190,26.69
2023-05-07T23:00:31+00:00,999,7.51,2040.24,190,26.69
2023-05-07T23:00:53+00:00,1000,7.5,2040.24,190,26.69
2023-05-07T23:01:15+00:00,1001,7.5,2040.24,190,26.69
2023-05-07T23:01:37+00:00,1002,7.51,2040.24,190,26.69
2023-05-07T23:01:59+00:00,1003,7.49,2040.24,190,26.62
2023-05-07T23:02:21+00:00,1004,7.49,2040.24,191,26.75
2023-05-07T23:02:43+00:00,1005,7.49,2040.24,190,26.75
2023-05-07T23:03:05+00:00,1006,7.49,2040.24,191,26.69
2023-05-07T23:03:27+00:00,1007,7.48,2040.24,190,26.69
2023-05-07T23:03:49+00:00,1008,7.5,2040.24,191,26.62
2023-05-07T23:04:11+00:00,1009,7.5,2040.24,190,26.62
2023-05-07T23:04:33+00:00,1010,7.48,2040.24,191,26.69
2023-05-07T23:04:55+00:00,1011,7.49,2040.24,190,26.62
2023-05-07T23:05:17+00:00,1012,7.49,2040.24,190,26.75
2023-05-07T23:05:38+00:00,1013,7.49,2040.24,190,26.69
2023-05-07T23:06:01+00:00,1014,7.49,2040.24,191,26.69
2023-05-07T23:06:23+00:00,1015,7.5,2040.24,190,26.69
2023-05-07T23:06:44+00:00,1016,7.5,2040.24,190,26.69
2023-05-07T23:07:06+00:00,1017,7.5,2040.24,190,26.69
2023-05-07T23:07:28+00:00,1018,7.49,2040.24,190,26.69
2023-05-07T23:07:50+00:00,1019,7.5,2040.24,190,26.69
2023-05-07T23:08:12+00:00,1020,7.5,2040.24,190,26.69
2023-05-07T23:08:34+00:00,1021,7.49,2040.24,191,26.69
2023-05-07T23:08:56+00:00,1022,7.49,2040.24,190,26.69
2023-05-07T23:09:18+00:00,1023,7.5,2040.24,191,26.69
2023-05-07T23:09:40+00:00,1024,7.5,2040.24,190,26.75
2023-05-07T23:10:02+00:00,1025,7.51,2040.24,190,26.69
2023-05-07T23:10:24+00:00,1026,7.5,2040.24,190,26.69
2023-05-07T23:10:46+00:00,1027,7.5,2040.24,190,26.69
2023-05-07T23:11:08+00:00,1028,7.49,2040.24,190,26.69
2023-05-07T23:11:30+00:00,1029,7.5,2040.24,190,26.69
2023-05-07T23:11:52+00:00,1030,7.48,2040.24,191,26.75
2023-05-07T23:12:14+00:00,1031,7.5,2040.24,191,26.69
2023-05-07T23:12:36+00:00,1032,7.49,2040.24,191,26.75
2023-05-07T23:12:58+00:00,1033,7.5,2040.24,191,26.75
2023-05-07T23:13:20+00:00,1034,7.5,2040.24,191,26.69
2023-05-07T23:13:42+00:00,1035,7.51,2040.24,190,26.69
2023-05-07T23:14:04+00:00,1036,7.5,2040.24,190,26.69
2023-05-07T23:14:26+00:00,1037,7.49,2040.24,191,26.75
2023-05-07T23:14:48+00:00,1038,7.5,2040.24,191,26.69
2023-05-07T23:15:10+00:00,1039,7.49,2040.24,190,26.75
2023-05-07T23:15:32+00:00,1040,7.5,2040.24,191,26.69
2023-05-07T23:15:54+00:00,1041,7.49,2040.24,190,26.69
2023-05-07T23:16:16+00:00,1042,7.49,2040.24,191,26.69
2023-05-07T23:16:38+00:00,1043,7.49,2040.24,190,26.69
2023-05-07T23:17:00+00:00,1044,7.5,2040.24,190,26.75
2023-05-07T23:17:22+00:00,1045,7.48,2040.24,190,26.69
2023-05-07T23:17:44+00:00,1046,7.49,2040.24,191,26.75
2023-05-07T23:18:06+00:00,1047,7.51,2040.24,190,26.69
2023-05-07T23:18:28+00:00,1048,7.5,2040.24,190,26.75
2023-05-07T23:18:50+00:00,1049,7.49,2040.24,190,26.69
2023-05-07T23:19:12+00:00,1050,7.5,2040.24,189,26.69
2023-05-07T23:19:34+00:00,1051,7.51,2040.24,190,26.69
2023-05-07T23:19:56+00:00,1052,7.51,2040.24,190,26.75
2023-05-07T23:20:18+00:00,1053,7.48,2040.24,190,26.69
2023-05-07T23:20:40+00:00,1054,7.49,2040.24,190,26.75
2023-05-07T23:21:02+00:00,1055,7.48,2040.24,190,26.69
2023-05-07T23:21:24+00:00,1056,7.49,2040.24,190,26.75
2023-05-07T23:21:46+00:00,1057,7.5,2040.24,190,26.69
2023-05-07T23:22:08+00:00,1058,7.48,2040.24,190,26.62
2023-05-07T23:22:30+00:00,1059,7.49,2040.24,190,26.69
2023-05-07T23:22:52+00:00,1060,7.49,2040.24,191,26.75
2023-05-07T23:23:14+00:00,1061,7.5,2040.24,190,26.75
2023-05-07T23:23:36+00:00,1062,7.49,2040.24,190,26.69
2023-05-07T23:23:58+00:00,1063,7.5,2040.24,190,26.62
2023-05-07T23:24:20+00:00,1064,7.47,2040.24,190,26.75
2023-05-07T23:24:42+00:00,1065,7.49,2040.24,191,26.69
2023-05-07T23:25:04+00:00,1066,7.48,2040.24,190,26.75
2023-05-07T23:25:26+00:00,1067,7.49,2040.24,190,26.62
2023-05-07T23:25:48+00:00,1068,7.5,2040.24,190,26.69
2023-05-07T23:26:10+00:00,1069,7.5,2040.24,191,26.69
2023-05-07T23:26:32+00:00,1070,7.49,2040.24,191,26.69
2023-05-07T23:26:54+00:00,1071,7.48,2040.24,190,26.69
2023-05-07T23:27:16+00:00,1072,7.5,2040.24,190,26.69
2023-05-07T23:27:38+00:00,1073,7.49,2040.24,190,26.69
2023-05-07T23:28:00+00:00,1074,7.47,2040.24,190,26.69
2023-05-07T23:28:22+00:00,1075,7.49,2040.24,191,26.62
2023-05-07T23:28:44+00:00,1076,7.49,2040.24,190,26.62
2023-05-07T23:29:06+00:00,1077,7.49,2040.24,191,26.69
2023-05-07T23:29:28+00:00,1078,7.5,2040.24,191,26.69
2023-05-07T23:29:50+00:00,1079,7.5,2040.24,190,26.69
2023-05-07T23:30:12+00:00,1080,7.49,2040.24,190,26.69
2023-05-07T23:30:34+00:00,1081,7.5,2040.24,190,26.69
2023-05-07T23:30:56+00:00,1082,7.5,2040.24,191,26.69
2023-05-07T23:31:18+00:00,1083,7.49,2040.24,190,26.69
2023-05-07T23:31:40+00:00,1084,7.51,2040.24,190,26.69
2023-05-07T23:32:02+00:00,1085,7.49,2040.24,191,26.69
2023-05-07T23:32:24+00:00,1086,7.49,2040.24,190,26.75
2023-05-07T23:32:46+00:00,1087,7.48,2040.24,190,26.75
2023-05-07T23:33:08+00:00,1088,7.49,2040.24,190,26.75
2023-05-07T23:33:30+00:00,1089,7.5,2040.24,191,26.69
2023-05-07T23:33:52+00:00,1090,7.51,2040.24,190,26.69
2023-05-07T23:34:14+00:00,1091,7.49,2040.24,190,26.69
2023-05-07T23:34:36+00:00,1092,7.49,2040.24,190,26.62
2023-05-07T23:34:58+00:00,1093,7.48,2040.24,190,26.69
2023-05-07T23:35:20+00:00,1094,7.5,2040.24,190,26.69
2023-05-07T23:35:42+00:00,1095,7.5,2040.24,190,26.69
2023-05-07T23:36:04+00:00,1096,7.5,2040.24,189,26.69
2023-05-07T23:36:26+00:00,1097,7.49,2040.24,190,26.75
2023-05-07T23:36:48+00:00,1098,7.5,2040.24,190,26.75
2023-05-07T23:37:10+00:00,1099,7.48,2040.24,191,26.69
2023-05-07T23:37:32+00:00,1100,7.49,2040.24,191,26.69
2023-05-07T23:37:54+00:00,1101,7.5,2040.24,190,26.69
2023-05-07T23:38:16+00:00,1102,7.5,2040.24,191,26.69
2023-05-07T23:38:38+00:00,1103,7.5,2040.24,190,26.75
2023-05-07T23:39:00+00:00,1104,7.48,2040.24,191,26.69
2023-05-07T23:39:22+00:00,1105,7.5,2040.24,190,26.69
2023-05-07T23:39:44+00:00,1106,7.49,2040.24,190,26.75
2023-05-07T23:40:06+00:00,1107,7.5,2040.24,191,26.75
2023-05-07T23:40:28+00:00,1108,7.49,2040.24,190,26.69
2023-05-07T23:40:50+00:00,1109,7.5,2040.24,190,26.69
2023-05-07T23:41:12+00:00,1110,7.49,2040.24,190,26.69
2023-05-07T23:41:34+00:00,1111,7.51,2040.24,190,26.69
2023-05-07T23:41:56+00:00,1112,7.49,2040.24,191,26.62
2023-05-07T23:42:18+00:00,1113,7.48,2040.24,190,26.69
2023-05-07T23:42:40+00:00,1114,7.48,2040.24,190,26.69
2023-05-07T23:43:02+00:00,1115,7.5,2040.24,189,26.69
2023-05-07T23:43:24+00:00,1116,7.5,2040.24,190,26.62
2023-05-07T23:43:46+00:00,1117,7.5,2040.24,190,26.69
2023-05-07T23:44:08+00:00,1118,7.49,2040.24,191,26.69
2023-05-07T23:44:30+00:00,1119,7.5,2040.24,190,26.69
2023-05-07T23:44:52+00:00,1120,7.49,2040.24,190,26.69
2023-05-07T23:45:14+00:00,1121,7.48,2040.24,190,26.69
2023-05-07T23:45:36+00:00,1122,7.51,2040.24,190,26.69
2023-05-07T23:45:58+00:00,1123,7.5,2040.24,190,26.69
2023-05-07T23:46:20+00:00,1124,7.49,2040.24,191,26.69
2023-05-07T23:46:42+00:00,1125,7.5,2040.24,190,26.69
2023-05-07T23:47:04+00:00,1126,7.51,2040.24,190,26.69
2023-05-07T23:47:26+00:00,1127,7.5,2040.24,190,26.69
2023-05-07T23:47:48+00:00,1128,7.49,2040.24,190,26.69
2023-05-07T23:48:10+00:00,1129,7.48,2040.24,190,26.69
2023-05-07T23:48:32+00:00,1130,7.49,2040.24,189,26.69
2023-05-07T23:48:54+00:00,1131,7.49,2040.24,191,26.69
2023-05-07T23:49:16+00:00,1132,7.5,2040.24,190,26.69
2023-05-07T23:49:38+00:00,1133,7.5,2040.24,190,26.69
2023-05-07T23:50:00+00:00,1134,7.51,2040.24,190,26.62
2023-05-07T23:50:22+00:00,1135,7.49,2040.24,190,26.62
2023-05-07T23:50:44+00:00,1136,7.49,2040.24,190,26.62
2023-05-07T23:51:06+00:00,1137,7.48,2040.24,190,26.69
2023-05-07T23:51:28+00:00,1138,7.52,2040.24,190,26.69
2023-05-07T23:51:50+00:00,1139,7.5,2040.24,191,26.69
2023-05-07T23:52:12+00:00,1140,7.51,2040.24,191,26.69
2023-05-07T23:52:34+00:00,1141,7.48,2040.24,190,26.69
2023-05-07T23:52:56+00:00,1142,7.49,2040.24,191,26.69
2023-05-07T23:53:18+00:00,1143,7.48,2040.24,191,26.75
2023-05-07T23:53:40+00:00,1144,7.5,2040.24,190,26.69
2023-05-07T23:54:02+00:00,1145,7.48,2040.24,190,26.69
2023-05-07T23:54:24+00:00,1146,7.49,2040.24,190,26.62
2023-05-07T23:54:46+00:00,1147,7.5,2040.24,191,26.69
2023-05-07T23:55:08+00:00,1148,7.49,2040.24,190,26.62
2023-05-07T23:55:30+00:00,1149,7.49,2040.24,190,26.69
2023-05-07T23:55:52+00:00,1150,7.49,2040.24,190,26.62
2023-05-07T23:56:14+00:00,1151,7.49,2040.24,190,26.69
2023-05-07T23:56:36+00:00,1152,7.49,2040.24,190,26.69
2023-05-07T23:56:58+00:00,1153,7.49,2040.24,190,26.62
2023-05-07T23:57:20+00:00,1154,7.51,2040.24,190,26.69
2023-05-07T23:57:42+00:00,1155,7.49,2040.24,190,26.62
2023-05-07T23:58:04+00:00,1156,7.49,2040.24,191,26.62
2023-05-07T23:58:26+00:00,1157,7.49,2040.24,190,26.62
2023-05-07T23:58:48+00:00,1158,7.49,2040.24,190,26.62
2023-05-07T23:59:10+00:00,1159,7.48,2040.24,190,26.69
2023-05-07T23:59:32+00:00,1160,7.49,2040.24,191,26.69
2023-05-07T23:59:54+00:00,1161,7.49,2040.24,190,26.69
2023-05-08T00:00:16+00:00,1162,7.49,2040.24,191,26.69
2023-05-08T00:00:38+00:00,1163,7.5,2040.24,190,26.62
2023-05-08T00:01:00+00:00,1164,7.49,2040.24,191,26.69
2023-05-08T00:01:22+00:00,1165,7.48,2040.24,190,26.62
2023-05-08T00:01:44+00:00,1166,7.51,2040.24,191,26.62
2023-05-08T00:02:06+00:00,1167,7.49,2040.24,190,26.62
2023-05-08T00:02:28+00:00,1168,7.5,2040.24,191,26.69
2023-05-08T00:02:50+00:00,1169,7.48,2040.24,190,26.69
2023-05-08T00:03:12+00:00,1170,7.49,2040.24,190,26.69
2023-05-08T00:03:34+00:00,1171,7.48,2040.24,190,26.69
2023-05-08T00:03:56+00:00,1172,7.49,2040.24,190,26.62
2023-05-08T00:04:18+00:00,1173,7.48,2040.24,190,26.62
2023-05-08T00:04:40+00:00,1174,7.5,2040.24,190,26.62
2023-05-08T00:05:02+00:00,1175,7.48,2040.24,191,26.62
2023-05-08T00:05:24+00:00,1176,7.5,2040.24,190,26.62
2023-05-08T00:05:46+00:00,1177,7.49,2040.24,190,26.62
2023-05-08T00:06:08+00:00,1178,7.5,2040.24,191,26.56
2023-05-08T00:06:30+00:00,1179,7.48,2040.24,190,26.69
2023-05-08T00:06:52+00:00,1180,7.5,2040.24,190,26.62
2023-05-08T00:07:14+00:00,1181,7.49,2040.24,190,26.62
2023-05-08T00:07:36+00:00,1182,7.51,2040.24,190,26.62
2023-05-08T00:07:58+00:00,1183,7.5,2040.24,190,26.69
2023-05-08T00:08:20+00:00,1184,7.51,2040.24,190,26.62
2023-05-08T00:08:42+00:00,1185,7.49,2040.24,190,26.69
2023-05-08T00:09:04+00:00,1186,7.49,2040.24,190,26.62
2023-05-08T00:09:26+00:00,1187,7.51,2040.24,191,26.62
2023-05-08T00:09:48+00:00,1188,7.5,2040.24,191,26.62
2023-05-08T00:10:10+00:00,1189,7.49,2040.24,190,26.62
2023-05-08T00:10:32+00:00,1190,7.5,2040.24,190,26.62
2023-05-08T00:10:54+00:00,1191,7.5,2040.24,190,26.62
2023-05-08T00:11:16+00:00,1192,7.5,2040.24,190,26.69
2023-05-08T00:11:38+00:00,1193,7.5,2040.24,191,26.62
2023-05-08T00:12:00+00:00,1194,7.5,2040.24,190,26.62
2023-05-08T00:12:22+00:00,1195,7.48,2040.24,190,26.62
2023-05-08T00:12:43+00:00,1196,7.48,2040.24,190,26.62
2023-05-08T00:13:06+00:00,1197,7.5,2040.24,190,26.62
2023-05-08T00:13:27+00:00,1198,7.5,2040.24,190,26.62
2023-05-08T00:13:49+00:00,1199,7.48,2040.24,191,26.62
2023-05-08T00:14:11+00:00,1200,7.49,2040.24,190,26.69
2023-05-08T00:14:33+00:00,1201,7.5,2040.24,190,26.62
2023-05-08T00:14:55+00:00,1202,7.5,2040.24,191,26.62
2023-05-08T00:15:17+00:00,1203,7.5,2040.24,190,26.62
2023-05-08T00:15:39+00:00,1204,7.49,2040.24,191,26.62
2023-05-08T00:16:01+00:00,1205,7.49,2040.24,190,26.62
2023-05-08T00:16:23+00:00,1206,7.5,2040.24,190,26.62
2023-05-08T00:16:45+00:00,1207,7.5,2040.24,191,26.62
2023-05-08T00:17:07+00:00,1208,7.52,2040.24,190,26.62
2023-05-08T00:17:29+00:00,1209,7.5,2040.24,190,26.62
2023-05-08T00:17:51+00:00,1210,7.49,2040.24,191,26.62
2023-05-08T00:18:13+00:00,1211,7.48,2040.24,191,26.69
2023-05-08T00:18:35+00:00,1212,7.49,2040.24,190,26.62
2023-05-08T00:18:57+00:00,1213,7.48,2040.24,191,26.62
2023-05-08T00:19:19+00:00,1214,7.49,2040.24,190,26.62
2023-05-08T00:19:41+00:00,1215,7.49,2040.24,190,26.62
2023-05-08T00:20:03+00:00,1216,7.49,2040.24,190,26.62
2023-05-08T00:20:25+00:00,1217,7.51,2040.24,190,26.62
2023-05-08T00:20:47+00:00,1218,7.49,2040.24,190,26.62
2023-05-08T00:21:09+00:00,1219,7.5,2040.24,191,26.62
2023-05-08T00:21:31+00:00,1220,7.48,2040.24,190,26.62
2023-05-08T00:21:53+00:00,1221,7.48,2040.24,189,26.62
2023-05-08T00:22:15+00:00,1222,7.51,2040.24,190,26.62
2023-05-08T00:22:37+00:00,1223,7.49,2040.24,191,26.62
2023-05-08T00:22:59+00:00,1224,7.49,2040.24,189,26.62
2023-05-08T00:23:21+00:00,1225,7.5,2040.24,190,26.62
2023-05-08T00:23:43+00:00,1226,7.49,2040.24,190,26.62
2023-05-08T00:24:05+00:00,1227,7.5,2040.24,190,26.62
2023-05-08T00:24:27+00:00,1228,7.5,2040.24,190,26.62
2023-05-08T00:24:49+00:00,1229,7.5,2040.24,190,26.56
2023-05-08T00:25:11+00:00,1230,7.48,2019.35,190,26.62
2023-05-08T00:25:33+00:00,1231,7.5,2040.24,190,26.62
2023-05-08T00:25:55+00:00,1232,7.48,2040.24,191,26.62
2023-05-08T00:26:17+00:00,1233,7.49,2019.35,190,26.56
2023-05-08T00:26:39+00:00,1234,7.49,2019.35,190,26.62
2023-05-08T00:27:01+00:00,1235,7.51,2040.24,190,26.62
2023-05-08T00:27:23+00:00,1236,7.49,2040.24,191,26.62
2023-05-08T00:27:45+00:00,1237,7.49,2019.35,191,26.62
2023-05-08T00:28:07+00:00,1238,7.48,2019.35,191,26.62
2023-05-08T00:28:29+00:00,1239,7.5,2019.35,191,26.56
2023-05-08T00:28:51+00:00,1240,7.5,2019.35,190,26.62
2023-05-08T00:29:13+00:00,1241,7.49,2019.35,190,26.62
2023-05-08T00:29:35+00:00,1242,7.49,2019.35,191,26.62
2023-05-08T00:29:57+00:00,1243,7.49,2019.35,190,26.62
2023-05-08T00:30:19+00:00,1244,7.48,2019.35,190,26.62
2023-05-08T00:30:41+00:00,1245,7.5,2019.35,190,26.62
2023-05-08T00:31:03+00:00,1246,7.5,2019.35,190,26.62
2023-05-08T00:31:25+00:00,1247,7.49,2019.35,189,26.62
2023-05-08T00:31:47+00:00,1248,7.49,2019.35,190,26.62
2023-05-08T00:32:09+00:00,1249,7.49,2019.35,190,26.62
2023-05-08T00:32:31+00:00,1250,7.5,2019.35,190,26.62
2023-05-08T00:32:53+00:00,1251,7.5,2019.35,191,26.69
2023-05-08T00:33:15+00:00,1252,7.48,2019.35,190,26.62
2023-05-08T00:33:37+00:00,1253,7.49,2019.35,190,26.56
2023-05-08T00:33:59+00:00,1254,7.51,2019.35,190,26.69
2023-05-08T00:34:21+00:00,1255,7.5,2019.35,190,26.62
2023-05-08T00:34:43+00:00,1256,7.49,2019.35,190,26.62
2023-05-08T00:35:05+00:00,1257,7.5,2019.35,190,26.69
2023-05-08T00:35:27+00:00,1258,7.5,2019.35,189,26.62
2023-05-08T00:35:49+00:00,1259,7.5,2019.35,190,26.62
2023-05-08T00:36:11+00:00,1260,7.5,2019.35,190,26.62
2023-05-08T00:36:33+00:00,1261,7.51,2019.35,190,26.62
2023-05-08T00:36:55+00:00,1262,7.52,2019.35,190,26.62
2023-05-08T00:37:17+00:00,1263,7.51,2019.35,190,26.62
2023-05-08T00:37:39+00:00,1264,7.49,2019.35,190,26.56
2023-05-08T00:38:01+00:00,1265,7.5,2019.35,190,26.62
2023-05-08T00:38:23+00:00,1266,7.49,2019.35,190,26.62
2023-05-08T00:38:45+00:00,1267,7.49,2019.35,191,26.62
2023-05-08T00:39:07+00:00,1268,7.51,2019.35,191,26.56
2023-05-08T00:39:29+00:00,1269,7.5,2019.35,191,26.62
2023-05-08T00:39:51+00:00,1270,7.51,2019.35,190,26.56
2023-05-08T00:40:13+00:00,1271,7.5,2019.35,190,26.62
2023-05-08T00:40:35+00:00,1272,7.51,2019.35,190,26.62
2023-05-08T00:40:57+00:00,1273,7.5,2019.35,191,26.62
2023-05-08T00:41:19+00:00,1274,7.52,2019.35,189,26.62
2023-05-08T00:41:41+00:00,1275,7.5,2019.35,190,26.62
2023-05-08T00:42:03+00:00,1276,7.49,2019.35,190,26.56
2023-05-08T00:42:25+00:00,1277,7.49,2019.35,190,26.56
2023-05-08T00:42:47+00:00,1278,7.48,2019.35,190,26.62
2023-05-08T00:43:09+00:00,1279,7.49,2019.35,191,26.62
2023-05-08T00:43:31+00:00,1280,7.49,2019.35,190,26.56
2023-05-08T00:43:53+00:00,1281,7.5,2019.35,189,26.62
2023-05-08T00:44:15+00:00,1282,7.5,2019.35,190,26.62
2023-05-08T00:44:37+00:00,1283,7.49,2019.35,190,26.56
2023-05-08T00:44:59+00:00,1284,7.49,2019.35,190,26.62
2023-05-08T00:45:21+00:00,1285,7.49,2019.35,190,26.62
2023-05-08T00:45:43+00:00,1286,7.5,2019.35,190,26.62
2023-05-08T00:46:05+00:00,1287,7.5,2019.35,190,26.62
2023-05-08T00:46:27+00:00,1288,7.49,2019.35,190,26.62
2023-05-08T00:46:49+00:00,1289,7.49,2019.35,190,26.62
2023-05-08T00:47:11+00:00,1290,7.5,2019.35,190,26.56
2023-05-08T00:47:33+00:00,1291,7.48,2019.35,191,26.62
2023-05-08T00:47:55+00:00,1292,7.49,2019.35,191,26.56
2023-05-08T00:48:17+00:00,1293,7.5,2019.35,189,26.62
2023-05-08T00:48:39+00:00,1294,7.47,2019.35,191,26.62
2023-05-08T00:49:01+00:00,1295,7.49,2019.35,190,26.62
2023-05-08T00:49:23+00:00,1296,7.51,2019.35,191,26.62
2023-05-08T00:49:45+00:00,1297,7.5,2019.35,191,26.56
2023-05-08T00:50:07+00:00,1298,7.49,2019.35,191,26.56
2023-05-08T00:50:29+00:00,1299,7.5,2019.35,190,26.62
2023-05-08T00:50:51+00:00,1300,7.5,2019.35,191,26.62
2023-05-08T00:51:13+00:00,1301,7.5,2019.35,191,26.56
2023-05-08T00:51:35+00:00,1302,7.48,2019.35,190,26.56
2023-05-08T00:51:57+00:00,1303,7.49,2019.35,191,26.62
2023-05-08T00:52:19+00:00,1304,7.5,2019.35,190,26.62
2023-05-08T00:52:41+00:00,1305,7.49,2019.35,190,26.69
2023-05-08T00:53:03+00:00,1306,7.5,2019.35,190,26.69
2023-05-08T00:53:25+00:00,1307,7.49,2019.35,190,26.62
2023-05-08T00:53:47+00:00,1308,7.5,2019.35,190,26.62
2023-05-08T00:54:09+00:00,1309,7.48,2019.35,189,26.62
2023-05-08T00:54:31+00:00,1310,7.5,2019.35,190,26.62
2023-05-08T00:54:53+00:00,1311,7.48,2019.35,189,26.62
2023-05-08T00:55:15+00:00,1312,7.49,2019.35,191,26.62
2023-05-08T00:55:37+00:00,1313,7.51,2019.35,190,26.62
2023-05-08T00:55:59+00:00,1314,7.49,2019.35,191,26.62
2023-05-08T00:56:21+00:00,1315,7.5,2019.35,189,26.62
2023-05-08T00:56:43+00:00,1316,7.5,2019.35,191,26.62
2023-05-08T00:57:05+00:00,1317,7.49,2019.35,189,26.56
2023-05-08T00:57:27+00:00,1318,7.5,2019.35,190,26.62
2023-05-08T00:57:49+00:00,1319,7.5,2019.35,189,26.56
2023-05-08T00:58:11+00:00,1320,7.49,2019.35,190,26.62
2023-05-08T00:58:33+00:00,1321,7.5,2019.35,190,26.62
2023-05-08T00:58:55+00:00,1322,7.49,2019.35,191,26.62
2023-05-08T00:59:17+00:00,1323,7.49,2019.35,190,26.62
2023-05-08T00:59:39+00:00,1324,7.5,2019.35,189,26.62
2023-05-08T01:00:01+00:00,1325,7.5,2019.35,189,26.62
2023-05-08T01:00:23+00:00,1326,7.49,2019.35,189,26.62
2023-05-08T01:00:45+00:00,1327,7.5,2019.35,190,26.62
2023-05-08T01:01:07+00:00,1328,7.48,2019.35,191,26.62
2023-05-08T01:01:29+00:00,1329,7.49,2019.35,190,26.62
2023-05-08T01:01:51+00:00,1330,7.51,2019.35,191,26.56
2023-05-08T01:02:13+00:00,1331,7.5,2019.35,189,26.62
2023-05-08T01:02:35+00:00,1332,7.48,2019.35,191,26.56
2023-05-08T01:02:57+00:00,1333,7.49,2019.35,190,26.56
2023-05-08T01:03:19+00:00,1334,7.49,2019.35,191,26.56
2023-05-08T01:03:41+00:00,1335,7.5,2019.35,190,26.56
2023-05-08T01:04:03+00:00,1336,7.49,2019.35,190,26.62
2023-05-08T01:04:25+00:00,1337,7.49,2019.35,190,26.56
2023-05-08T01:04:47+00:00,1338,7.5,2019.35,191,26.62
2023-05-08T01:05:09+00:00,1339,7.5,2019.35,190,26.62
2023-05-08T01:05:31+00:00,1340,7.49,2019.35,190,26.62
2023-05-08T01:05:53+00:00,1341,7.5,2019.35,190,26.62
2023-05-08T01:06:15+00:00,1342,7.48,2019.35,189,26.69
2023-05-08T01:06:37+00:00,1343,7.5,2019.35,190,26.62
2023-05-08T01:06:59+00:00,1344,7.49,2019.35,190,26.62
2023-05-08T01:07:21+00:00,1345,7.49,2019.35,189,26.56
2023-05-08T01:07:43+00:00,1346,7.5,2019.35,190,26.62
2023-05-08T01:08:05+00:00,1347,7.49,2019.35,190,26.62
2023-05-08T01:08:27+00:00,1348,7.49,2019.35,189,26.62
2023-05-08T01:08:49+00:00,1349,7.5,2019.35,189,26.62
2023-05-08T01:09:11+00:00,1350,7.5,2019.35,190,26.62
2023-05-08T01:09:33+00:00,1351,7.49,2019.35,191,26.69
2023-05-08T01:09:55+00:00,1352,7.49,2019.35,189,26.56
2023-05-08T01:10:17+00:00,1353,7.5,2019.35,191,26.62
2023-05-08T01:10:39+00:00,1354,7.5,2019.35,190,26.62
2023-05-08T01:11:01+00:00,1355,7.48,2019.35,190,26.56
2023-05-08T01:11:23+00:00,1356,7.5,2019.35,190,26.62
2023-05-08T01:11:45+00:00,1357,7.48,2019.35,191,26.62
2023-05-08T01:12:07+00:00,1358,7.49,2019.35,189,26.62
2023-05-08T01:12:29+00:00,1359,7.5,2019.35,190,26.62
2023-05-08T01:12:51+00:00,1360,7.49,2019.35,190,26.62
2023-05-08T01:13:13+00:00,1361,7.49,1998.23,190,26.56
2023-05-08T01:13:35+00:00,1362,7.49,1998.23,189,26.69
2023-05-08T01:13:57+00:00,1363,7.5,1998.23,190,26.56
2023-05-08T01:14:19+00:00,1364,7.5,1998.23,190,26.62
2023-05-08T01:14:41+00:00,1365,7.52,1998.23,190,26.62
2023-05-08T01:15:03+00:00,1366,7.5,1998.23,190,26.62
2023-05-08T01:15:25+00:00,1367,7.5,1998.23,189,26.56
2023-05-08T01:15:47+00:00,1368,7.49,1998.23,189,26.62
2023-05-08T01:16:09+00:00,1369,7.49,1998.23,191,26.62
2023-05-08T01:16:31+00:00,1370,7.49,1998.23,190,26.62
2023-05-08T01:16:53+00:00,1371,7.5,1998.23,191,26.62
2023-05-08T01:17:15+00:00,1372,7.51,1998.23,191,26.62
2023-05-08T01:17:37+00:00,1373,7.49,1998.23,189,26.62
2023-05-08T01:17:59+00:00,1374,7.5,1998.23,190,26.56
2023-05-08T01:18:21+00:00,1375,7.49,1998.23,191,26.62
2023-05-08T01:18:42+00:00,1376,7.49,1998.23,191,26.62
2023-05-08T01:19:05+00:00,1377,7.49,1998.23,189,26.62
2023-05-08T01:19:26+00:00,1378,7.5,1998.23,189,26.56
2023-05-08T01:19:48+00:00,1379,7.52,1998.23,191,26.62
2023-05-08T01:20:10+00:00,1380,7.51,1998.23,190,26.62
2023-05-08T01:20:32+00:00,1381,7.48,1998.23,190,26.62
2023-05-08T01:20:54+00:00,1382,7.52,1998.23,189,26.62
2023-05-08T01:21:16+00:00,1383,7.49,1998.23,189,26.62
2023-05-08T01:21:38+00:00,1384,7.49,1998.23,189,26.62
2023-05-08T01:22:00+00:00,1385,7.51,1998.23,190,26.62
2023-05-08T01:22:22+00:00,1386,7.49,1998.23,190,26.62
2023-05-08T01:22:44+00:00,1387,7.5,1998.23,189,26.62
2023-05-08T01:23:06+00:00,1388,7.51,1998.23,190,26.62
2023-05-08T01:23:28+00:00,1389,7.48,1998.23,189,26.62
2023-05-08T01:23:50+00:00,1390,7.48,1998.23,189,26.62
2023-05-08T01:24:12+00:00,1391,7.49,1998.23,189,26.56
2023-05-08T01:24:34+00:00,1392,7.49,1976.89,190,26.62
2023-05-08T01:24:56+00:00,1393,7.49,1976.89,189,26.62
2023-05-08T01:25:18+00:00,1394,7.5,1976.89,190,26.56
2023-05-08T01:25:40+00:00,1395,7.52,1976.89,191,26.62
2023-05-08T01:26:02+00:00,1396,7.5,1976.89,190,26.56
2023-05-08T01:26:24+00:00,1397,7.48,1976.89,190,26.56
2023-05-08T01:26:46+00:00,1398,7.49,1976.89,189,26.62
2023-05-08T01:27:08+00:00,1399,7.5,1976.89,189,26.56
2023-05-08T01:27:30+00:00,1400,7.51,1976.89,190,26.62
2023-05-08T01:27:52+00:00,1401,7.5,1976.89,190,26.62
2023-05-08T01:28:14+00:00,1402,7.49,1976.89,189,26.62
2023-05-08T01:28:36+00:00,1403,7.48,1976.89,190,26.56
2023-05-08T01:28:58+00:00,1404,7.5,1976.89,190,26.56
2023-05-08T01:29:20+00:00,1405,7.5,1976.89,190,26.56
2023-05-08T01:29:42+00:00,1406,7.49,1976.89,190,26.62
2023-05-08T01:30:04+00:00,1407,7.48,1976.89,190,26.62
2023-05-08T01:30:26+00:00,1408,7.5,1976.89,190,26.56
2023-05-08T01:30:48+00:00,1409,7.49,1976.89,190,26.56
2023-05-08T01:31:10+00:00,1410,7.5,1976.89,190,26.62
2023-05-08T01:31:32+00:00,1411,7.5,1976.89,189,26.62
2023-05-08T01:31:54+00:00,1412,7.51,1976.89,190,26.56
2023-05-08T01:32:16+00:00,1413,7.48,1976.89,189,26.56
2023-05-08T01:32:38+00:00,1414,7.49,1955.33,189,26.69
2023-05-08T01:33:00+00:00,1415,7.49,1955.33,191,26.62
2023-05-08T01:33:22+00:00,1416,7.5,1955.33,189,26.56
2023-05-08T01:33:44+00:00,1417,7.48,1955.33,191,26.56
2023-05-08T01:34:06+00:00,1418,7.5,1955.33,190,26.56
2023-05-08T01:34:28+00:00,1419,7.5,1955.33,189,26.56
2023-05-08T01:34:50+00:00,1420,7.49,1955.33,189,26.56
2023-05-08T01:35:12+00:00,1421,7.5,1933.54,190,26.56
2023-05-08T01:35:34+00:00,1422,7.48,1933.54,189,26.62
2023-05-08T01:35:56+00:00,1423,7.49,1933.54,190,26.56
2023-05-08T01:36:18+00:00,1424,7.49,1933.54,190,26.56
2023-05-08T01:36:40+00:00,1425,7.5,1933.54,190,26.56
2023-05-08T01:37:02+00:00,1426,7.49,1933.54,190,26.62
2023-05-08T01:37:24+00:00,1427,7.49,1933.54,190,26.56
2023-05-08T01:37:46+00:00,1428,7.49,1933.54,190,26.62
2023-05-08T01:38:08+00:00,1429,7.51,1933.54,190,26.62
2023-05-08T01:38:30+00:00,1430,7.5,1955.33,189,26.56
2023-05-08T01:38:52+00:00,1431,7.5,1955.33,191,26.62
2023-05-08T01:39:14+00:00,1432,7.49,1955.33,190,26.62
2023-05-08T01:39:36+00:00,1433,7.48,1955.33,190,26.56
2023-05-08T01:39:58+00:00,1434,7.5,1955.33,190,26.62
2023-05-08T01:40:20+00:00,1435,7.5,1955.33,189,26.56
2023-05-08T01:40:42+00:00,1436,7.51,1955.33,189,26.62
2023-05-08T01:41:04+00:00,1437,7.5,1955.33,189,26.56
2023-05-08T01:41:26+00:00,1438,7.49,1955.33,190,26.62
2023-05-08T01:41:48+00:00,1439,7.51,1955.33,189,26.62
2023-05-08T01:42:10+00:00,1440,7.51,1955.33,190,26.56
2023-05-08T01:42:32+00:00,1441,7.49,1955.33,189,26.62
2023-05-08T01:42:54+00:00,1442,7.49,1955.33,190,26.62
2023-05-08T01:43:16+00:00,1443,7.49,1955.33,189,26.56
2023-05-08T01:43:38+00:00,1444,7.5,1955.33,189,26.62
2023-05-08T01:44:00+00:00,1445,7.51,1955.33,189,26.62
2023-05-08T01:44:22+00:00,1446,7.5,1955.33,190,26.62
2023-05-08T01:44:44+00:00,1447,7.49,1955.33,191,26.62
2023-05-08T01:45:06+00:00,1448,7.5,1955.33,190,26.62
2023-05-08T01:45:28+00:00,1449,7.48,1955.33,189,26.56
2023-05-08T01:45:50+00:00,1450,7.51,1955.33,190,26.62
2023-05-08T01:46:12+00:00,1451,7.49,1955.33,189,26.56
2023-05-08T01:46:34+00:00,1452,7.5,1955.33,190,26.62
2023-05-08T01:46:56+00:00,1453,7.5,1955.33,189,26.62
2023-05-08T01:47:18+00:00,1454,7.48,1955.33,189,26.62
2023-05-08T01:47:40+00:00,1455,7.51,1955.33,189,26.62
2023-05-08T01:48:02+00:00,1456,7.49,1955.33,190,26.62
2023-05-08T01:48:24+00:00,1457,7.49,1955.33,190,26.56
2023-05-08T01:48:46+00:00,1458,7.49,1955.33,190,26.56
2023-05-08T01:49:08+00:00,1459,7.48,1955.33,190,26.62
2023-05-08T01:49:30+00:00,1460,7.49,1955.33,190,26.56
2023-05-08T01:49:52+00:00,1461,7.49,1955.33,191,26.56
2023-05-08T01:50:14+00:00,1462,7.48,1933.54,189,26.62
2023-05-08T01:50:36+00:00,1463,7.5,1933.54,189,26.56
2023-05-08T01:50:58+00:00,1464,7.49,1933.54,190,26.56
2023-05-08T01:51:20+00:00,1465,7.49,1933.54,191,26.56
2023-05-08T01:51:42+00:00,1466,7.5,1933.54,190,26.56
2023-05-08T01:52:04+00:00,1467,7.5,1933.54,189,26.62
2023-05-08T01:52:26+00:00,1468,7.48,1933.54,191,26.56
2023-05-08T01:52:48+00:00,1469,7.48,1933.54,190,26.62
2023-05-08T01:53:10+00:00,1470,7.48,1933.54,190,26.62
2023-05-08T01:53:32+00:00,1471,7.5,1933.54,190,26.62
2023-05-08T01:53:54+00:00,1472,7.51,1955.33,191,26.56
2023-05-08T01:54:16+00:00,1473,7.49,1955.33,189,26.62
2023-05-08T01:54:38+00:00,1474,7.48,1955.33,190,26.62
2023-05-08T01:55:00+00:00,1475,7.48,1955.33,191,26.62
2023-05-08T01:55:22+00:00,1476,7.48,1955.33,190,26.62
2023-05-08T01:55:44+00:00,1477,7.5,1976.89,190,26.56
2023-05-08T01:56:06+00:00,1478,7.48,1955.33,191,26.62
2023-05-08T01:56:28+00:00,1479,7.49,1976.89,190,26.62
2023-05-08T01:56:50+00:00,1480,7.49,1976.89,189,26.62
2023-05-08T01:57:12+00:00,1481,7.49,1976.89,190,26.62
2023-05-08T01:57:34+00:00,1482,7.48,1976.89,190,26.62
2023-05-08T01:57:56+00:00,1483,7.5,1976.89,190,26.62
2023-05-08T01:58:18+00:00,1484,7.48,1976.89,190,26.62
2023-05-08T01:58:40+00:00,1485,7.48,1976.89,191,26.56
2023-05-08T01:59:02+00:00,1486,7.5,1976.89,191,26.56
2023-05-08T01:59:24+00:00,1487,7.49,1976.89,190,26.62
2023-05-08T01:59:46+00:00,1488,7.49,1976.89,190,26.56
2023-05-08T02:00:08+00:00,1489,7.5,1976.89,191,26.62
2023-05-08T02:00:30+00:00,1490,7.49,1976.89,189,26.69
2023-05-08T02:00:52+00:00,1491,7.5,1976.89,190,26.62
2023-05-08T02:01:14+00:00,1492,7.48,1976.89,191,26.56
2023-05-08T02:01:36+00:00,1493,7.5,1976.89,191,26.62
2023-05-08T02:01:58+00:00,1494,7.49,1976.89,189,26.62
2023-05-08T02:02:20+00:00,1495,7.49,1976.89,191,26.62
2023-05-08T02:02:42+00:00,1496,7.5,1976.89,189,26.62
2023-05-08T02:03:04+00:00,1497,7.48,1976.89,191,26.62
2023-05-08T02:03:26+00:00,1498,7.49,1976.89,189,26.62
2023-05-08T02:03:48+00:00,1499,7.49,1976.89,190,26.62
2023-05-08T02:04:10+00:00,1500,7.48,1976.89,190,26.56
2023-05-08T02:04:32+00:00,1501,7.49,1976.89,189,26.62
2023-05-08T02:04:54+00:00,1502,7.51,1976.89,190,26.62
2023-05-08T02:05:16+00:00,1503,7.49,1976.89,190,26.56
2023-05-08T02:05:38+00:00,1504,7.49,1976.89,191,26.56
2023-05-08T02:06:00+00:00,1505,7.48,1976.89,191,26.56
2023-05-08T02:06:22+00:00,1506,7.48,1976.89,190,26.62
2023-05-08T02:06:44+00:00,1507,7.49,1976.89,190,26.62
2023-05-08T02:07:06+00:00,1508,7.49,1976.89,190,26.62
2023-05-08T02:07:28+00:00,1509,7.48,1976.89,190,26.62
2023-05-08T02:07:50+00:00,1510,7.49,1976.89,191,26.56
2023-05-08T02:08:12+00:00,1511,7.5,1976.89,190,26.56
2023-05-08T02:08:34+00:00,1512,7.51,1976.89,190,26.56
2023-05-08T02:08:56+00:00,1513,7.5,1976.89,190,26.56
2023-05-08T02:09:18+00:00,1514,7.5,1976.89,189,26.62
2023-05-08T02:09:40+00:00,1515,7.49,2019.35,191,26.56
